{
    "version": "0.4",
    "title": "Contact",
    "type": "page",
    "metadata": {
        "template_type": "single-page",
        "include_in_zip": "1",
        "elementor_pro_required": null,
        "wp_page_template": "elementor_header_footer"
    },
    "content": [
        {
            "id": "3024f682",
            "settings": {
                "content_width": {
                    "unit": "px",
                    "size": 1200,
                    "sizes": []
                },
                "height": "min-height",
                "custom_height": {
                    "unit": "vh",
                    "size": 40,
                    "sizes": []
                },
                "custom_height_tablet": {
                    "unit": "vh",
                    "size": 35,
                    "sizes": []
                },
                "custom_height_mobile": {
                    "unit": "vh",
                    "size": 30,
                    "sizes": []
                },
                "border_border": "solid",
                "border_width": {
                    "unit": "px",
                    "top": "1",
                    "right": "0",
                    "bottom": "1",
                    "left": "0",
                    "isLinked": false
                },
                "border_color": "#FFFFFF26",
                "padding_tablet": {
                    "unit": "px",
                    "top": "0",
                    "right": "30",
                    "bottom": "0",
                    "left": "30",
                    "isLinked": false
                },
                "padding_mobile": {
                    "unit": "px",
                    "top": "0",
                    "right": "20",
                    "bottom": "0",
                    "left": "20",
                    "isLinked": false
                }
            },
            "elements": [
                {
                    "id": "1faf9dcb",
                    "settings": {
                        "_column_size": 100,
                        "_inline_size": null,
                        "padding": {
                            "unit": "px",
                            "top": "0",
                            "right": "0",
                            "bottom": "0",
                            "left": "0",
                            "isLinked": false
                        }
                    },
                    "elements": [
                        {
                            "id": "2b832162",
                            "settings": {
                                "title": "Our Contact",
                                "align": "center",
                                "_margin": {
                                    "unit": "px",
                                    "top": "-5",
                                    "right": "0",
                                    "bottom": "-10",
                                    "left": "0",
                                    "isLinked": false
                                },
                                "_animation": "fadeIn",
                                "__globals__": {
                                    "typography_typography": "globals\/typography?id=secondary"
                                }
                            },
                            "elements": [],
                            "isInner": false,
                            "widgetType": "heading",
                            "elType": "widget"
                        },
                        {
                            "id": "408918a6",
                            "settings": {
                                "view": "inline",
                                "icon_list": [
                                    {
                                        "text": "Home",
                                        "selected_icon": {
                                            "value": "",
                                            "library": ""
                                        },
                                        "_id": "b9a7c39",
                                        "link": {
                                            "url": "#",
                                            "is_external": "",
                                            "nofollow": "",
                                            "custom_attributes": ""
                                        }
                                    },
                                    {
                                        "text": "Contact",
                                        "selected_icon": {
                                            "value": "icon icon-right-arrow",
                                            "library": "ekiticons"
                                        },
                                        "_id": "8ff9eea"
                                    }
                                ],
                                "space_between": {
                                    "unit": "px",
                                    "size": 15,
                                    "sizes": []
                                },
                                "icon_align": "center",
                                "icon_size": {
                                    "unit": "px",
                                    "size": 15,
                                    "sizes": []
                                },
                                "text_indent": {
                                    "unit": "px",
                                    "size": 15,
                                    "sizes": []
                                },
                                "_margin": {
                                    "unit": "px",
                                    "top": "0",
                                    "right": "0",
                                    "bottom": "0",
                                    "left": "-15",
                                    "isLinked": false
                                },
                                "_animation": "fadeIn",
                                "_animation_delay": 200,
                                "__globals__": {
                                    "icon_color": "globals\/colors?id=accent",
                                    "icon_typography_typography": "globals\/typography?id=accent",
                                    "text_color": "globals\/colors?id=text",
                                    "text_color_hover": "globals\/colors?id=accent"
                                }
                            },
                            "elements": [],
                            "isInner": false,
                            "widgetType": "icon-list",
                            "elType": "widget"
                        }
                    ],
                    "isInner": false,
                    "elType": "column"
                }
            ],
            "isInner": false,
            "elType": "section"
        },
        {
            "id": "20ec3bc4",
            "settings": {
                "content_width": {
                    "unit": "px",
                    "size": 1200,
                    "sizes": []
                },
                "structure": "30",
                "margin": {
                    "unit": "px",
                    "top": "0",
                    "right": 0,
                    "bottom": "0",
                    "left": 0,
                    "isLinked": false
                },
                "margin_tablet": {
                    "unit": "px",
                    "top": "0",
                    "right": 0,
                    "bottom": "0",
                    "left": 0,
                    "isLinked": false
                },
                "margin_mobile": {
                    "unit": "px",
                    "top": "0",
                    "right": 0,
                    "bottom": "0",
                    "left": 0,
                    "isLinked": false
                },
                "padding": {
                    "unit": "px",
                    "top": "100",
                    "right": "0",
                    "bottom": "0",
                    "left": "0",
                    "isLinked": false
                },
                "padding_tablet": {
                    "unit": "px",
                    "top": "70",
                    "right": "30",
                    "bottom": "70",
                    "left": "30",
                    "isLinked": false
                },
                "padding_mobile": {
                    "unit": "px",
                    "top": "70",
                    "right": "20",
                    "bottom": "0",
                    "left": "20",
                    "isLinked": false
                },
                "__globals__": {
                    "background_color": "globals\/colors?id=a563eef"
                }
            },
            "elements": [
                {
                    "id": "13d09e61",
                    "settings": {
                        "_column_size": 33,
                        "_inline_size": null,
                        "_inline_size_tablet": 50,
                        "border_border": "solid",
                        "border_width": {
                            "unit": "px",
                            "top": "1",
                            "right": "1",
                            "bottom": "1",
                            "left": "1",
                            "isLinked": true
                        },
                        "border_color": "#FFFFFF24",
                        "border_hover_border": "solid",
                        "margin": {
                            "unit": "px",
                            "top": "0",
                            "right": "20",
                            "bottom": "0",
                            "left": "0",
                            "isLinked": false
                        },
                        "margin_tablet": {
                            "unit": "px",
                            "top": "0",
                            "right": "15",
                            "bottom": "0",
                            "left": "0",
                            "isLinked": false
                        },
                        "margin_mobile": {
                            "unit": "px",
                            "top": "0",
                            "right": "0",
                            "bottom": "20",
                            "left": "0",
                            "isLinked": false
                        },
                        "padding": {
                            "unit": "px",
                            "top": "40",
                            "right": "40",
                            "bottom": "40",
                            "left": "40",
                            "isLinked": true
                        },
                        "animation": "fadeIn",
                        "__globals__": {
                            "border_hover_color": "globals\/colors?id=accent"
                        }
                    },
                    "elements": [
                        {
                            "id": "15aada3d",
                            "settings": {
                                "selected_icon": {
                                    "value": "icon icon-map-marker1",
                                    "library": "ekiticons"
                                },
                                "view": "stacked",
                                "title_text": "Address",
                                "description_text": "6214 New Walter Falls <br> Texas USA",
                                "position": "left",
                                "icon_space": {
                                    "unit": "px",
                                    "size": 25,
                                    "sizes": []
                                },
                                "icon_size": {
                                    "unit": "px",
                                    "size": 25,
                                    "sizes": []
                                },
                                "title_bottom_space": {
                                    "unit": "px",
                                    "size": 5,
                                    "sizes": []
                                },
                                "_margin": {
                                    "unit": "px",
                                    "top": "-10",
                                    "right": "0",
                                    "bottom": "-2",
                                    "left": "0",
                                    "isLinked": false
                                },
                                "_animation_delay": 400,
                                "__globals__": {
                                    "secondary_color": "globals\/colors?id=4ed0f42",
                                    "primary_color": "",
                                    "title_typography_typography": "globals\/typography?id=c6a928b",
                                    "description_typography_typography": "globals\/typography?id=text",
                                    "description_color": "globals\/colors?id=primary"
                                },
                                "primary_color": "#E8F368",
                                "text_align": "left",
                                "text_align_mobile": "center",
                                "description_color": "#FFFFFF",
                                "_margin_mobile": {
                                    "unit": "px",
                                    "top": "0",
                                    "right": "0",
                                    "bottom": "0",
                                    "left": "0",
                                    "isLinked": false
                                },
                                "content_vertical_alignment": "middle"
                            },
                            "elements": [],
                            "isInner": false,
                            "widgetType": "icon-box",
                            "elType": "widget"
                        }
                    ],
                    "isInner": false,
                    "elType": "column"
                },
                {
                    "id": "42585315",
                    "settings": {
                        "_column_size": 33,
                        "_inline_size": null,
                        "_inline_size_tablet": 50,
                        "border_border": "solid",
                        "border_width": {
                            "unit": "px",
                            "top": "1",
                            "right": "1",
                            "bottom": "1",
                            "left": "1",
                            "isLinked": true
                        },
                        "border_color": "#FFFFFF24",
                        "border_hover_border": "solid",
                        "margin": {
                            "unit": "px",
                            "top": "0",
                            "right": "10",
                            "bottom": "0",
                            "left": "10",
                            "isLinked": false
                        },
                        "margin_tablet": {
                            "unit": "px",
                            "top": "0",
                            "right": "0",
                            "bottom": "0",
                            "left": "15",
                            "isLinked": false
                        },
                        "margin_mobile": {
                            "unit": "px",
                            "top": "0",
                            "right": "0",
                            "bottom": "20",
                            "left": "0",
                            "isLinked": false
                        },
                        "padding": {
                            "unit": "px",
                            "top": "40",
                            "right": "40",
                            "bottom": "40",
                            "left": "40",
                            "isLinked": true
                        },
                        "animation": "fadeIn",
                        "animation_delay": 200,
                        "__globals__": {
                            "border_hover_color": "globals\/colors?id=accent"
                        }
                    },
                    "elements": [
                        {
                            "id": "2c64d4fb",
                            "settings": {
                                "selected_icon": {
                                    "value": "icon icon-phone-handset",
                                    "library": "ekiticons"
                                },
                                "view": "stacked",
                                "title_text": "Phone",
                                "description_text": "+1 (234) 567 890 <br> +0 (987) 654 321",
                                "position": "left",
                                "icon_space": {
                                    "unit": "px",
                                    "size": 25,
                                    "sizes": []
                                },
                                "icon_size": {
                                    "unit": "px",
                                    "size": 25,
                                    "sizes": []
                                },
                                "title_bottom_space": {
                                    "unit": "px",
                                    "size": 5,
                                    "sizes": []
                                },
                                "_margin": {
                                    "unit": "px",
                                    "top": "-10",
                                    "right": "0",
                                    "bottom": "-2",
                                    "left": "0",
                                    "isLinked": false
                                },
                                "_animation_delay": 400,
                                "__globals__": {
                                    "secondary_color": "globals\/colors?id=4ed0f42",
                                    "primary_color": "",
                                    "title_typography_typography": "globals\/typography?id=c6a928b",
                                    "description_typography_typography": "globals\/typography?id=text",
                                    "description_color": "globals\/colors?id=primary"
                                },
                                "primary_color": "#E8F368",
                                "text_align": "left",
                                "text_align_mobile": "center",
                                "description_color": "#FFFFFF",
                                "content_vertical_alignment": "middle",
                                "_margin_mobile": {
                                    "unit": "px",
                                    "top": "0",
                                    "right": "0",
                                    "bottom": "0",
                                    "left": "0",
                                    "isLinked": false
                                }
                            },
                            "elements": [],
                            "isInner": false,
                            "widgetType": "icon-box",
                            "elType": "widget"
                        }
                    ],
                    "isInner": false,
                    "elType": "column"
                },
                {
                    "id": "66d21596",
                    "settings": {
                        "_column_size": 33,
                        "_inline_size": null,
                        "_inline_size_tablet": 50,
                        "border_border": "solid",
                        "border_width": {
                            "unit": "px",
                            "top": "1",
                            "right": "1",
                            "bottom": "1",
                            "left": "1",
                            "isLinked": true
                        },
                        "border_color": "#FFFFFF24",
                        "border_hover_border": "solid",
                        "margin": {
                            "unit": "px",
                            "top": "0",
                            "right": "0",
                            "bottom": "0",
                            "left": "20",
                            "isLinked": false
                        },
                        "margin_tablet": {
                            "unit": "px",
                            "top": "30",
                            "right": "15",
                            "bottom": "0",
                            "left": "0",
                            "isLinked": false
                        },
                        "margin_mobile": {
                            "unit": "px",
                            "top": "0",
                            "right": "0",
                            "bottom": "0",
                            "left": "0",
                            "isLinked": false
                        },
                        "padding": {
                            "unit": "px",
                            "top": "40",
                            "right": "40",
                            "bottom": "40",
                            "left": "40",
                            "isLinked": true
                        },
                        "animation": "fadeIn",
                        "animation_delay": 400,
                        "__globals__": {
                            "border_hover_color": "globals\/colors?id=accent"
                        }
                    },
                    "elements": [
                        {
                            "id": "165b75e6",
                            "settings": {
                                "selected_icon": {
                                    "value": "icon icon-envelope2",
                                    "library": "ekiticons"
                                },
                                "view": "stacked",
                                "title_text": "Email",
                                "description_text": "limma@mails.com <br> example@mail.com",
                                "position": "left",
                                "icon_space": {
                                    "unit": "px",
                                    "size": 25,
                                    "sizes": []
                                },
                                "icon_size": {
                                    "unit": "px",
                                    "size": 25,
                                    "sizes": []
                                },
                                "title_bottom_space": {
                                    "unit": "px",
                                    "size": 5,
                                    "sizes": []
                                },
                                "_margin": {
                                    "unit": "px",
                                    "top": "-10",
                                    "right": "0",
                                    "bottom": "-2",
                                    "left": "0",
                                    "isLinked": false
                                },
                                "_animation_delay": 400,
                                "__globals__": {
                                    "secondary_color": "globals\/colors?id=4ed0f42",
                                    "primary_color": "",
                                    "title_typography_typography": "globals\/typography?id=c6a928b",
                                    "description_typography_typography": "globals\/typography?id=text",
                                    "description_color": "globals\/colors?id=primary"
                                },
                                "primary_color": "#E8F368",
                                "text_align": "left",
                                "text_align_mobile": "center",
                                "description_color": "#FFFFFF",
                                "_margin_mobile": {
                                    "unit": "px",
                                    "top": "0",
                                    "right": "0",
                                    "bottom": "0",
                                    "left": "0",
                                    "isLinked": false
                                },
                                "content_vertical_alignment": "middle"
                            },
                            "elements": [],
                            "isInner": false,
                            "widgetType": "icon-box",
                            "elType": "widget"
                        }
                    ],
                    "isInner": false,
                    "elType": "column"
                }
            ],
            "isInner": false,
            "elType": "section"
        },
        {
            "id": "44c16e3c",
            "settings": {
                "content_width": {
                    "unit": "px",
                    "size": 1200,
                    "sizes": []
                },
                "structure": "20",
                "padding": {
                    "unit": "px",
                    "top": "100",
                    "right": "0",
                    "bottom": "100",
                    "left": "0",
                    "isLinked": false
                },
                "padding_tablet": {
                    "unit": "px",
                    "top": "70",
                    "right": "30",
                    "bottom": "70",
                    "left": "30",
                    "isLinked": false
                },
                "padding_mobile": {
                    "unit": "px",
                    "top": "70",
                    "right": "20",
                    "bottom": "70",
                    "left": "20",
                    "isLinked": false
                },
                "__globals__": {
                    "background_color": "globals\/colors?id=secondary"
                }
            },
            "elements": [
                {
                    "id": "2a14f775",
                    "settings": {
                        "_column_size": 50,
                        "_inline_size": null,
                        "margin": {
                            "unit": "px",
                            "top": "0",
                            "right": "50",
                            "bottom": "0",
                            "left": "0",
                            "isLinked": false
                        },
                        "padding": {
                            "unit": "px",
                            "top": "0",
                            "right": "0",
                            "bottom": "0",
                            "left": "0",
                            "isLinked": false
                        },
                        "_inline_size_tablet": 100,
                        "content_position": "center",
                        "margin_tablet": {
                            "unit": "px",
                            "top": "0",
                            "right": "0",
                            "bottom": "50",
                            "left": "0",
                            "isLinked": false
                        }
                    },
                    "elements": [
                        {
                            "id": "2af80161",
                            "settings": {
                                "editor": "<p>Contact<\/p>",
                                "align": "left",
                                "_margin": {
                                    "unit": "px",
                                    "top": "0",
                                    "right": "0",
                                    "bottom": "-15",
                                    "left": "0",
                                    "isLinked": false
                                },
                                "_animation": "fadeIn",
                                "__globals__": {
                                    "text_color": "globals\/colors?id=primary",
                                    "typography_typography": "globals\/typography?id=e22fc20"
                                },
                                "align_mobile": "center"
                            },
                            "elements": [],
                            "isInner": false,
                            "widgetType": "text-editor",
                            "elType": "widget"
                        },
                        {
                            "id": "39cf83b1",
                            "settings": {
                                "title": "Get In Touch",
                                "align": "left",
                                "align_mobile": "center",
                                "_margin": {
                                    "unit": "px",
                                    "top": "0",
                                    "right": "0",
                                    "bottom": "0",
                                    "left": "0",
                                    "isLinked": false
                                },
                                "_margin_tablet": {
                                    "unit": "px",
                                    "top": "0",
                                    "right": "0",
                                    "bottom": "0",
                                    "left": "0",
                                    "isLinked": false
                                },
                                "_margin_mobile": {
                                    "unit": "px",
                                    "top": "0",
                                    "right": "0",
                                    "bottom": "0",
                                    "left": "0",
                                    "isLinked": false
                                },
                                "_animation": "fadeIn",
                                "_animation_delay": 200,
                                "__globals__": {
                                    "title_color": "globals\/colors?id=primary",
                                    "typography_typography": "globals\/typography?id=secondary"
                                }
                            },
                            "elements": [],
                            "isInner": false,
                            "widgetType": "heading",
                            "elType": "widget"
                        },
                        {
                            "id": "ea87bcf",
                            "settings": {
                                "editor": "<p>Donec non nibh dui. Ut et ligula efficitur, accumsan libero ac, maximus orci. Praesent vulputate magna vel leo commodo ornare.<\/p>",
                                "align": "left",
                                "_margin": {
                                    "unit": "px",
                                    "top": "0",
                                    "right": "0",
                                    "bottom": "-10",
                                    "left": "0",
                                    "isLinked": false
                                },
                                "_animation": "fadeIn",
                                "_animation_delay": 400,
                                "__globals__": {
                                    "typography_typography": "globals\/typography?id=text"
                                },
                                "align_mobile": "center"
                            },
                            "elements": [],
                            "isInner": false,
                            "widgetType": "text-editor",
                            "elType": "widget"
                        },
                        {
                            "id": "5090d6b4",
                            "settings": {
                                "icon_list": [
                                    {
                                        "text": "Nam quis sem eu magna",
                                        "selected_icon": {
                                            "value": "fas fa-circle",
                                            "library": "fa-solid"
                                        },
                                        "_id": "5114b4b"
                                    },
                                    {
                                        "text": "Cras accumsan scelerisque",
                                        "selected_icon": {
                                            "value": "fas fa-circle",
                                            "library": "fa-solid"
                                        },
                                        "_id": "6da7e40"
                                    },
                                    {
                                        "text": "Curabitur ac rutrum augue",
                                        "selected_icon": {
                                            "value": "fas fa-circle",
                                            "library": "fa-solid"
                                        },
                                        "_id": "870f7fe"
                                    }
                                ],
                                "space_between": {
                                    "unit": "px",
                                    "size": 7,
                                    "sizes": []
                                },
                                "icon_size": {
                                    "unit": "px",
                                    "size": 7,
                                    "sizes": []
                                },
                                "text_indent": {
                                    "unit": "px",
                                    "size": 10,
                                    "sizes": []
                                },
                                "_margin": {
                                    "unit": "px",
                                    "top": "0",
                                    "right": "0",
                                    "bottom": "0",
                                    "left": "0",
                                    "isLinked": false
                                },
                                "__globals__": {
                                    "icon_color": "globals\/colors?id=accent",
                                    "text_color_hover": "globals\/colors?id=text",
                                    "text_color": "globals\/colors?id=text"
                                },
                                "_animation": "fadeIn",
                                "_animation_delay": 600,
                                "icon_align_mobile": "center"
                            },
                            "elements": [],
                            "isInner": false,
                            "widgetType": "icon-list",
                            "elType": "widget"
                        }
                    ],
                    "isInner": false,
                    "elType": "column"
                },
                {
                    "id": "55d413fc",
                    "settings": {
                        "_column_size": 50,
                        "_inline_size": null,
                        "background_background": "classic",
                        "margin": {
                            "unit": "px",
                            "top": "0",
                            "right": "0",
                            "bottom": "100",
                            "left": "50",
                            "isLinked": false
                        },
                        "padding": {
                            "unit": "px",
                            "top": "40",
                            "right": "40",
                            "bottom": "0",
                            "left": "40",
                            "isLinked": false
                        },
                        "__globals__": {
                            "background_color": "globals\/colors?id=accent"
                        },
                        "_inline_size_tablet": 100,
                        "background_image": {
                            "url": "http:\/\/askproject.net\/limma\/wp-content\/uploads\/sites\/97\/2022\/09\/smiling-woman-with-clipboard-among-colleagues-in-o-YHDP3P7.jpg",
                            "id": 876,
                            "alt": "",
                            "source": "library"
                        },
                        "background_position": "center center",
                        "background_size": "cover",
                        "margin_tablet": {
                            "unit": "px",
                            "top": "0",
                            "right": "0",
                            "bottom": "100",
                            "left": "0",
                            "isLinked": false
                        },
                        "padding_mobile": {
                            "unit": "px",
                            "top": "10",
                            "right": "10",
                            "bottom": "0",
                            "left": "10",
                            "isLinked": false
                        },
                        "animation": "fadeIn"
                    },
                    "elements": [
                        {
                            "id": "64661a4e",
                            "settings": {
                                "ekit_wpform_form_id": "216",
                                "ekit_wpForms_text_color_label": "#FFFFFF",
                                "ekit_wpForms_field_bg_color": "#02010100",
                                "ekit_wpForms_field_text_color": "#FFFFFF",
                                "ekit_wpForms_field_border_border": "solid",
                                "ekit_wpForms_field_border_width": {
                                    "unit": "px",
                                    "top": "1",
                                    "right": "1",
                                    "bottom": "1",
                                    "left": "1",
                                    "isLinked": true
                                },
                                "ekit_wpForms_field_border_color": "#FFFFFF2B",
                                "ekit_wpForms_field_radius": {
                                    "unit": "px",
                                    "top": "0",
                                    "right": "0",
                                    "bottom": "0",
                                    "left": "0",
                                    "isLinked": false
                                },
                                "ekit_wpForms_field_padding": {
                                    "unit": "px",
                                    "top": "14",
                                    "right": "20",
                                    "bottom": "14",
                                    "left": "20",
                                    "isLinked": false
                                },
                                "ekit_wpForms_field_padding_mobile": {
                                    "unit": "px",
                                    "top": "14",
                                    "right": "15",
                                    "bottom": "14",
                                    "left": "15",
                                    "isLinked": false
                                },
                                "ekit_wpForms_field_spacing": {
                                    "unit": "px",
                                    "top": "0",
                                    "right": "0",
                                    "bottom": "0",
                                    "left": "0",
                                    "isLinked": false
                                },
                                "ekit_wpForms_focus_input_border_border": "solid",
                                "ekit_wpForms_focus_input_border_color": "#0145FA",
                                "ekit_wpForms_field_description_text_color": "#DEDEDE",
                                "ekit_wpForms_text_color_placeholder": "#DEDEDE",
                                "ekit_wpForms_button_width_type": "full-width",
                                "ekit_wpForms_button_border_normal_border": "solid",
                                "ekit_wpForms_button_border_normal_width": {
                                    "unit": "px",
                                    "top": "0",
                                    "right": "0",
                                    "bottom": "0",
                                    "left": "0",
                                    "isLinked": false
                                },
                                "ekit_wpForms_button_border_radius": {
                                    "unit": "px",
                                    "top": "0",
                                    "right": "0",
                                    "bottom": "0",
                                    "left": "0",
                                    "isLinked": false
                                },
                                "ekit_wpForms_button_padding": {
                                    "unit": "px",
                                    "top": "16",
                                    "right": "32",
                                    "bottom": "16",
                                    "left": "32",
                                    "isLinked": false
                                },
                                "ekit_wpForms_button_margin": {
                                    "unit": "px",
                                    "top": "0",
                                    "right": "0",
                                    "bottom": "0",
                                    "left": "0",
                                    "isLinked": false
                                },
                                "_margin": {
                                    "unit": "px",
                                    "top": "0",
                                    "right": "0",
                                    "bottom": "-100",
                                    "left": "0",
                                    "isLinked": false
                                },
                                "_padding": {
                                    "unit": "px",
                                    "top": "16",
                                    "right": "50",
                                    "bottom": "26",
                                    "left": "50",
                                    "isLinked": false
                                },
                                "_padding_mobile": {
                                    "unit": "px",
                                    "top": "1",
                                    "right": "35",
                                    "bottom": "10",
                                    "left": "35",
                                    "isLinked": false
                                },
                                "_animation": "fadeIn",
                                "_animation_delay": 200,
                                "_background_background": "classic",
                                "__globals__": {
                                    "_background_color": "globals\/colors?id=e7aaed5",
                                    "ekit_wpForms_text_color_label": "globals\/colors?id=primary",
                                    "ekit_wpForms_typography_label_typography": "globals\/typography?id=cf046ed",
                                    "ekit_wpForms_field_text_color": "globals\/colors?id=primary",
                                    "ekit_wpForms_focus_input_border_color": "globals\/colors?id=accent",
                                    "ekit_wpForms_field_description_text_color": "globals\/colors?id=text",
                                    "ekit_wpForms_field_description_typography_typography": "globals\/typography?id=text",
                                    "ekit_wpForms_field_typography_typography": "globals\/typography?id=text",
                                    "ekit_wpForms_text_color_placeholder": "globals\/colors?id=text",
                                    "ekit_wpForms_button_typography_typography": "globals\/typography?id=accent",
                                    "ekit_wpForms_button_bg_color_normal": "globals\/colors?id=accent",
                                    "ekit_wpForms_button_text_color_normal": "globals\/colors?id=4ed0f42",
                                    "ekit_wpForms_button_bg_color_hover": "globals\/colors?id=primary",
                                    "ekit_wpForms_button_text_color_hover": "globals\/colors?id=4ed0f42"
                                }
                            },
                            "elements": [],
                            "isInner": false,
                            "widgetType": "elementskit-wp-forms",
                            "elType": "widget"
                        }
                    ],
                    "isInner": false,
                    "elType": "column"
                }
            ],
            "isInner": false,
            "elType": "section"
        },
        {
            "id": "2b9412b0",
            "settings": {
                "content_width": {
                    "unit": "px",
                    "size": 1200,
                    "sizes": []
                },
                "padding": {
                    "unit": "px",
                    "top": "0",
                    "right": "0",
                    "bottom": "100",
                    "left": "0",
                    "isLinked": false
                },
                "padding_tablet": {
                    "unit": "px",
                    "top": "0",
                    "right": "30",
                    "bottom": "70",
                    "left": "30",
                    "isLinked": false
                },
                "padding_mobile": {
                    "unit": "px",
                    "top": "0",
                    "right": "20",
                    "bottom": "70",
                    "left": "20",
                    "isLinked": false
                },
                "__globals__": {
                    "background_color": "globals\/colors?id=secondary"
                }
            },
            "elements": [
                {
                    "id": "4c89ce69",
                    "settings": {
                        "_column_size": 100,
                        "_inline_size": null,
                        "padding": {
                            "unit": "px",
                            "top": "0",
                            "right": "0",
                            "bottom": "0",
                            "left": "0",
                            "isLinked": false
                        }
                    },
                    "elements": [
                        {
                            "id": "1f75990e",
                            "settings": {
                                "address": "London Eye, London, United Kingdom",
                                "zoom": {
                                    "unit": "px",
                                    "size": 14,
                                    "sizes": []
                                },
                                "height": {
                                    "unit": "px",
                                    "size": 500,
                                    "sizes": []
                                },
                                "height_tablet": {
                                    "unit": "px",
                                    "size": 450,
                                    "sizes": []
                                },
                                "height_mobile": {
                                    "unit": "px",
                                    "size": 400,
                                    "sizes": []
                                },
                                "css_filters_css_filter": "custom",
                                "css_filters_brightness": {
                                    "unit": "px",
                                    "size": 96,
                                    "sizes": []
                                },
                                "css_filters_saturate": {
                                    "unit": "px",
                                    "size": 0,
                                    "sizes": []
                                },
                                "css_filters_hover_css_filter": "custom",
                                "hover_transition": {
                                    "unit": "px",
                                    "size": 0.4,
                                    "sizes": []
                                }
                            },
                            "elements": [],
                            "isInner": false,
                            "widgetType": "google_maps",
                            "elType": "widget"
                        }
                    ],
                    "isInner": false,
                    "elType": "column"
                }
            ],
            "isInner": false,
            "elType": "section"
        }
    ],
    "page_settings": {
        "hide_title": "yes",
        "template": "elementor_header_footer"
    }
}