{
    "version": "0.4",
    "title": "Footer",
    "type": "section",
    "metadata": {
        "template_type": "section-footer",
        "include_in_zip": "1",
        "elementor_pro_required": null,
        "wp_page_template": "elementor_canvas"
    },
    "content": [
        {
            "id": "3ff0d570",
            "settings": {
                "content_width": {
                    "unit": "px",
                    "size": 1200,
                    "sizes": []
                },
                "background_background": "classic",
                "padding": {
                    "unit": "px",
                    "top": "100",
                    "right": "0",
                    "bottom": "0",
                    "left": "0",
                    "isLinked": false
                },
                "__globals__": {
                    "background_color": ""
                },
                "padding_tablet": {
                    "unit": "px",
                    "top": "70",
                    "right": "30",
                    "bottom": "0",
                    "left": "30",
                    "isLinked": false
                },
                "padding_mobile": {
                    "unit": "px",
                    "top": "70",
                    "right": "20",
                    "bottom": "0",
                    "left": "20",
                    "isLinked": false
                },
                "background_overlay_background": "classic",
                "background_overlay_image": {
                    "url": "",
                    "id": "",
                    "alt": "",
                    "source": "library"
                },
                "background_overlay_position": "top center",
                "background_overlay_size": "cover",
                "background_overlay_opacity": {
                    "unit": "px",
                    "size": 0.1,
                    "sizes": []
                },
                "transparent": "",
                "transparent_on": [
                    "desktop",
                    "tablet",
                    "mobile"
                ],
                "scroll_distance": {
                    "unit": "px",
                    "size": 60,
                    "sizes": []
                },
                "scroll_distance_tablet": {
                    "unit": "px",
                    "size": "",
                    "sizes": []
                },
                "scroll_distance_mobile": {
                    "unit": "px",
                    "size": "",
                    "sizes": []
                },
                "transparent_header_show": "",
                "background_show": "",
                "background": "",
                "bottom_border": "",
                "custom_bottom_border_color": "",
                "custom_bottom_border_width": {
                    "unit": "px",
                    "size": 0,
                    "sizes": []
                },
                "custom_bottom_border_width_tablet": {
                    "unit": "px",
                    "size": "",
                    "sizes": []
                },
                "custom_bottom_border_width_mobile": {
                    "unit": "px",
                    "size": "",
                    "sizes": []
                },
                "shrink_header": "",
                "custom_height_header": {
                    "unit": "px",
                    "size": 70,
                    "sizes": []
                },
                "custom_height_header_tablet": {
                    "unit": "px",
                    "size": "",
                    "sizes": []
                },
                "custom_height_header_mobile": {
                    "unit": "px",
                    "size": "",
                    "sizes": []
                },
                "shrink_header_logo": "",
                "custom_height_header_logo": {
                    "unit": "px",
                    "size": 70,
                    "sizes": []
                },
                "custom_height_header_logo_tablet": {
                    "unit": "px",
                    "size": "",
                    "sizes": []
                },
                "custom_height_header_logo_mobile": {
                    "unit": "px",
                    "size": "",
                    "sizes": []
                },
                "change_logo_color": "",
                "logo_color_white_before": "",
                "logo_color_black_before": "",
                "logo_color_white_after": "",
                "logo_color_black_after": "",
                "logo_color_full_after": "",
                "blur_bg": "",
                "hide_header": "",
                "scroll_distance_hide_header": {
                    "unit": "px",
                    "size": 500,
                    "sizes": []
                },
                "scroll_distance_hide_header_tablet": {
                    "unit": "px",
                    "size": "",
                    "sizes": []
                },
                "scroll_distance_hide_header_mobile": {
                    "unit": "px",
                    "size": "",
                    "sizes": []
                },
                "background_color": "#12120F"
            },
            "elements": [
                {
                    "id": "645eb2fc",
                    "settings": {
                        "_column_size": 100,
                        "_inline_size": null,
                        "padding": {
                            "unit": "px",
                            "top": "0",
                            "right": "0",
                            "bottom": "0",
                            "left": "0",
                            "isLinked": false
                        },
                        "border_border": "solid",
                        "border_width": {
                            "unit": "px",
                            "top": "0",
                            "right": "0",
                            "bottom": "1",
                            "left": "0",
                            "isLinked": false
                        },
                        "border_color": "#FFFFFF24"
                    },
                    "elements": [
                        {
                            "id": "37cfbed8",
                            "settings": {
                                "content_width": {
                                    "unit": "px",
                                    "size": 1200,
                                    "sizes": []
                                },
                                "structure": "20",
                                "margin": {
                                    "unit": "px",
                                    "top": "0",
                                    "right": 0,
                                    "bottom": "70",
                                    "left": 0,
                                    "isLinked": false
                                },
                                "margin_tablet": {
                                    "unit": "px",
                                    "top": "0",
                                    "right": 0,
                                    "bottom": "50",
                                    "left": 0,
                                    "isLinked": false
                                },
                                "margin_mobile": {
                                    "unit": "px",
                                    "top": "0",
                                    "right": 0,
                                    "bottom": "50",
                                    "left": 0,
                                    "isLinked": false
                                },
                                "transparent": "",
                                "transparent_on": [
                                    "desktop",
                                    "tablet",
                                    "mobile"
                                ],
                                "scroll_distance": {
                                    "unit": "px",
                                    "size": 60,
                                    "sizes": []
                                },
                                "scroll_distance_tablet": {
                                    "unit": "px",
                                    "size": "",
                                    "sizes": []
                                },
                                "scroll_distance_mobile": {
                                    "unit": "px",
                                    "size": "",
                                    "sizes": []
                                },
                                "transparent_header_show": "",
                                "background_show": "",
                                "background": "",
                                "bottom_border": "",
                                "custom_bottom_border_color": "",
                                "custom_bottom_border_width": {
                                    "unit": "px",
                                    "size": 0,
                                    "sizes": []
                                },
                                "custom_bottom_border_width_tablet": {
                                    "unit": "px",
                                    "size": "",
                                    "sizes": []
                                },
                                "custom_bottom_border_width_mobile": {
                                    "unit": "px",
                                    "size": "",
                                    "sizes": []
                                },
                                "shrink_header": "",
                                "custom_height_header": {
                                    "unit": "px",
                                    "size": 70,
                                    "sizes": []
                                },
                                "custom_height_header_tablet": {
                                    "unit": "px",
                                    "size": "",
                                    "sizes": []
                                },
                                "custom_height_header_mobile": {
                                    "unit": "px",
                                    "size": "",
                                    "sizes": []
                                },
                                "shrink_header_logo": "",
                                "custom_height_header_logo": {
                                    "unit": "px",
                                    "size": 70,
                                    "sizes": []
                                },
                                "custom_height_header_logo_tablet": {
                                    "unit": "px",
                                    "size": "",
                                    "sizes": []
                                },
                                "custom_height_header_logo_mobile": {
                                    "unit": "px",
                                    "size": "",
                                    "sizes": []
                                },
                                "change_logo_color": "",
                                "logo_color_white_before": "",
                                "logo_color_black_before": "",
                                "logo_color_white_after": "",
                                "logo_color_black_after": "",
                                "logo_color_full_after": "",
                                "blur_bg": "",
                                "hide_header": "",
                                "scroll_distance_hide_header": {
                                    "unit": "px",
                                    "size": 500,
                                    "sizes": []
                                },
                                "scroll_distance_hide_header_tablet": {
                                    "unit": "px",
                                    "size": "",
                                    "sizes": []
                                },
                                "scroll_distance_hide_header_mobile": {
                                    "unit": "px",
                                    "size": "",
                                    "sizes": []
                                }
                            },
                            "elements": [
                                {
                                    "id": "3147e09e",
                                    "settings": {
                                        "_column_size": 50,
                                        "_inline_size": 65,
                                        "padding": {
                                            "unit": "px",
                                            "top": "0",
                                            "right": "0",
                                            "bottom": "0",
                                            "left": "0",
                                            "isLinked": false
                                        },
                                        "_inline_size_tablet": 100,
                                        "margin_tablet": {
                                            "unit": "px",
                                            "top": "0",
                                            "right": "0",
                                            "bottom": "40",
                                            "left": "0",
                                            "isLinked": false
                                        },
                                        "margin_mobile": {
                                            "unit": "px",
                                            "top": "0",
                                            "right": "0",
                                            "bottom": "30",
                                            "left": "0",
                                            "isLinked": false
                                        }
                                    },
                                    "elements": [
                                        {
                                            "id": "60b5eca2",
                                            "settings": {
                                                "editor": "<p>Get Started<\/p>",
                                                "align": "left",
                                                "_margin": {
                                                    "unit": "px",
                                                    "top": "0",
                                                    "right": "0",
                                                    "bottom": "-15",
                                                    "left": "0",
                                                    "isLinked": false
                                                },
                                                "_animation": "fadeIn",
                                                "__globals__": {
                                                    "text_color": "globals\/colors?id=primary",
                                                    "typography_typography": "globals\/typography?id=e22fc20"
                                                },
                                                "align_mobile": "center",
                                                "align_tablet": "center"
                                            },
                                            "elements": [],
                                            "isInner": false,
                                            "widgetType": "text-editor",
                                            "elType": "widget"
                                        },
                                        {
                                            "id": "8644a84",
                                            "settings": {
                                                "title": "We build future together",
                                                "align": "left",
                                                "align_mobile": "center",
                                                "_margin": {
                                                    "unit": "px",
                                                    "top": "0",
                                                    "right": "0",
                                                    "bottom": "0",
                                                    "left": "0",
                                                    "isLinked": false
                                                },
                                                "_margin_tablet": {
                                                    "unit": "px",
                                                    "top": "0",
                                                    "right": "0",
                                                    "bottom": "0",
                                                    "left": "0",
                                                    "isLinked": false
                                                },
                                                "_margin_mobile": {
                                                    "unit": "px",
                                                    "top": "0",
                                                    "right": "0",
                                                    "bottom": "0",
                                                    "left": "0",
                                                    "isLinked": false
                                                },
                                                "_animation": "fadeIn",
                                                "_animation_delay": 200,
                                                "__globals__": {
                                                    "title_color": "globals\/colors?id=primary",
                                                    "typography_typography": "globals\/typography?id=secondary"
                                                },
                                                "align_tablet": "center"
                                            },
                                            "elements": [],
                                            "isInner": false,
                                            "widgetType": "heading",
                                            "elType": "widget"
                                        }
                                    ],
                                    "isInner": true,
                                    "elType": "column"
                                },
                                {
                                    "id": "714de54b",
                                    "settings": {
                                        "_column_size": 50,
                                        "_inline_size": 35,
                                        "content_position": "bottom",
                                        "align": "flex-end",
                                        "padding": {
                                            "unit": "px",
                                            "top": "0",
                                            "right": "0",
                                            "bottom": "15",
                                            "left": "0",
                                            "isLinked": false
                                        },
                                        "_inline_size_tablet": 100,
                                        "align_tablet": "center",
                                        "padding_mobile": {
                                            "unit": "px",
                                            "top": "0",
                                            "right": "0",
                                            "bottom": "0",
                                            "left": "0",
                                            "isLinked": false
                                        },
                                        "padding_tablet": {
                                            "unit": "px",
                                            "top": "0",
                                            "right": "0",
                                            "bottom": "0",
                                            "left": "0",
                                            "isLinked": false
                                        }
                                    },
                                    "elements": [
                                        {
                                            "id": "e773a3f",
                                            "settings": {
                                                "text": "Get Started",
                                                "selected_icon": {
                                                    "value": "icon icon-right-arrow",
                                                    "library": "ekiticons"
                                                },
                                                "icon_align": "right",
                                                "icon_indent": {
                                                    "unit": "px",
                                                    "size": 10,
                                                    "sizes": []
                                                },
                                                "border_border": "solid",
                                                "border_width": {
                                                    "unit": "px",
                                                    "top": "1",
                                                    "right": "1",
                                                    "bottom": "1",
                                                    "left": "1",
                                                    "isLinked": true
                                                },
                                                "border_radius": {
                                                    "unit": "px",
                                                    "top": "0",
                                                    "right": "0",
                                                    "bottom": "0",
                                                    "left": "0",
                                                    "isLinked": false
                                                },
                                                "text_padding": {
                                                    "unit": "px",
                                                    "top": "16",
                                                    "right": "32",
                                                    "bottom": "16",
                                                    "left": "32",
                                                    "isLinked": false
                                                },
                                                "_margin": {
                                                    "unit": "px",
                                                    "top": "0",
                                                    "right": "20",
                                                    "bottom": "0",
                                                    "left": "0",
                                                    "isLinked": false
                                                },
                                                "_element_width": "auto",
                                                "__globals__": {
                                                    "hover_color": "globals\/colors?id=4ed0f42",
                                                    "button_background_hover_color": "globals\/colors?id=primary",
                                                    "button_hover_border_color": "globals\/colors?id=primary",
                                                    "border_color": "globals\/colors?id=accent",
                                                    "background_color": "globals\/colors?id=accent",
                                                    "typography_typography": "globals\/typography?id=accent",
                                                    "button_text_color": "globals\/colors?id=4ed0f42"
                                                },
                                                "_margin_mobile": {
                                                    "unit": "px",
                                                    "top": "0",
                                                    "right": "50",
                                                    "bottom": "20",
                                                    "left": "50",
                                                    "isLinked": false
                                                },
                                                "_animation": "fadeIn",
                                                "_animation_delay": 600
                                            },
                                            "elements": [],
                                            "isInner": false,
                                            "widgetType": "button",
                                            "elType": "widget"
                                        },
                                        {
                                            "id": "cbb1741",
                                            "settings": {
                                                "text": "Contact Us",
                                                "selected_icon": {
                                                    "value": "fas fa-phone",
                                                    "library": "fa-solid"
                                                },
                                                "icon_align": "right",
                                                "icon_indent": {
                                                    "unit": "px",
                                                    "size": 10,
                                                    "sizes": []
                                                },
                                                "button_text_color": "#FFFFFF",
                                                "background_color": "#0145FA00",
                                                "border_border": "solid",
                                                "border_width": {
                                                    "unit": "px",
                                                    "top": "1",
                                                    "right": "1",
                                                    "bottom": "1",
                                                    "left": "1",
                                                    "isLinked": true
                                                },
                                                "border_radius": {
                                                    "unit": "px",
                                                    "top": "0",
                                                    "right": "0",
                                                    "bottom": "0",
                                                    "left": "0",
                                                    "isLinked": false
                                                },
                                                "text_padding": {
                                                    "unit": "px",
                                                    "top": "16",
                                                    "right": "32",
                                                    "bottom": "16",
                                                    "left": "32",
                                                    "isLinked": false
                                                },
                                                "_margin": {
                                                    "unit": "px",
                                                    "top": "0",
                                                    "right": "0",
                                                    "bottom": "0",
                                                    "left": "0",
                                                    "isLinked": false
                                                },
                                                "_element_width": "auto",
                                                "__globals__": {
                                                    "hover_color": "globals\/colors?id=4ed0f42",
                                                    "button_background_hover_color": "globals\/colors?id=accent",
                                                    "button_hover_border_color": "globals\/colors?id=accent",
                                                    "border_color": "globals\/colors?id=accent",
                                                    "typography_typography": "globals\/typography?id=accent"
                                                },
                                                "_animation": "fadeIn",
                                                "_animation_delay": 700
                                            },
                                            "elements": [],
                                            "isInner": false,
                                            "widgetType": "button",
                                            "elType": "widget"
                                        }
                                    ],
                                    "isInner": true,
                                    "elType": "column"
                                }
                            ],
                            "isInner": true,
                            "elType": "section"
                        },
                        {
                            "id": "4e06fe63",
                            "settings": {
                                "text": "Divider",
                                "color": "#FFFFFF24",
                                "_animation": "fadeIn",
                                "_animation_delay": 600,
                                "__globals__": {
                                    "color": ""
                                }
                            },
                            "elements": [],
                            "isInner": false,
                            "widgetType": "divider",
                            "elType": "widget"
                        },
                        {
                            "id": "3931cc17",
                            "settings": {
                                "content_width": {
                                    "unit": "px",
                                    "size": 1200,
                                    "sizes": []
                                },
                                "structure": "40",
                                "margin": {
                                    "unit": "px",
                                    "top": "70",
                                    "right": 0,
                                    "bottom": "70",
                                    "left": 0,
                                    "isLinked": false
                                },
                                "margin_tablet": {
                                    "unit": "px",
                                    "top": "50",
                                    "right": 0,
                                    "bottom": "70",
                                    "left": 0,
                                    "isLinked": false
                                },
                                "margin_mobile": {
                                    "unit": "px",
                                    "top": "30",
                                    "right": 0,
                                    "bottom": "20",
                                    "left": 0,
                                    "isLinked": false
                                },
                                "transparent": "",
                                "transparent_on": [
                                    "desktop",
                                    "tablet",
                                    "mobile"
                                ],
                                "scroll_distance": {
                                    "unit": "px",
                                    "size": 60,
                                    "sizes": []
                                },
                                "scroll_distance_tablet": {
                                    "unit": "px",
                                    "size": "",
                                    "sizes": []
                                },
                                "scroll_distance_mobile": {
                                    "unit": "px",
                                    "size": "",
                                    "sizes": []
                                },
                                "transparent_header_show": "",
                                "background_show": "",
                                "background": "",
                                "bottom_border": "",
                                "custom_bottom_border_color": "",
                                "custom_bottom_border_width": {
                                    "unit": "px",
                                    "size": 0,
                                    "sizes": []
                                },
                                "custom_bottom_border_width_tablet": {
                                    "unit": "px",
                                    "size": "",
                                    "sizes": []
                                },
                                "custom_bottom_border_width_mobile": {
                                    "unit": "px",
                                    "size": "",
                                    "sizes": []
                                },
                                "shrink_header": "",
                                "custom_height_header": {
                                    "unit": "px",
                                    "size": 70,
                                    "sizes": []
                                },
                                "custom_height_header_tablet": {
                                    "unit": "px",
                                    "size": "",
                                    "sizes": []
                                },
                                "custom_height_header_mobile": {
                                    "unit": "px",
                                    "size": "",
                                    "sizes": []
                                },
                                "shrink_header_logo": "",
                                "custom_height_header_logo": {
                                    "unit": "px",
                                    "size": 70,
                                    "sizes": []
                                },
                                "custom_height_header_logo_tablet": {
                                    "unit": "px",
                                    "size": "",
                                    "sizes": []
                                },
                                "custom_height_header_logo_mobile": {
                                    "unit": "px",
                                    "size": "",
                                    "sizes": []
                                },
                                "change_logo_color": "",
                                "logo_color_white_before": "",
                                "logo_color_black_before": "",
                                "logo_color_white_after": "",
                                "logo_color_black_after": "",
                                "logo_color_full_after": "",
                                "blur_bg": "",
                                "hide_header": "",
                                "scroll_distance_hide_header": {
                                    "unit": "px",
                                    "size": 500,
                                    "sizes": []
                                },
                                "scroll_distance_hide_header_tablet": {
                                    "unit": "px",
                                    "size": "",
                                    "sizes": []
                                },
                                "scroll_distance_hide_header_mobile": {
                                    "unit": "px",
                                    "size": "",
                                    "sizes": []
                                }
                            },
                            "elements": [
                                {
                                    "id": "45bb770c",
                                    "settings": {
                                        "_column_size": 25,
                                        "_inline_size": 46.75,
                                        "padding": {
                                            "unit": "px",
                                            "top": "0",
                                            "right": "0",
                                            "bottom": "0",
                                            "left": "0",
                                            "isLinked": false
                                        },
                                        "_inline_size_tablet": 100,
                                        "padding_tablet": {
                                            "unit": "px",
                                            "top": "0",
                                            "right": "0",
                                            "bottom": "70",
                                            "left": "0",
                                            "isLinked": false
                                        },
                                        "animation": "fadeIn",
                                        "padding_mobile": {
                                            "unit": "px",
                                            "top": "0",
                                            "right": "0",
                                            "bottom": "50",
                                            "left": "0",
                                            "isLinked": false
                                        }
                                    },
                                    "elements": [
                                        {
                                            "id": "d1d9fec",
                                            "settings": {
                                                "image": {
                                                    "url": "http:\/\/askproject.net\/limma\/wp-content\/uploads\/sites\/97\/2022\/08\/logo_Asset-1-1.png",
                                                    "id": 829,
                                                    "alt": "",
                                                    "source": "library"
                                                },
                                                "align": "left",
                                                "width": {
                                                    "unit": "%",
                                                    "size": 32,
                                                    "sizes": []
                                                },
                                                "align_tablet": "center",
                                                "width_mobile": {
                                                    "unit": "%",
                                                    "size": 55,
                                                    "sizes": []
                                                },
                                                "width_tablet": {
                                                    "unit": "%",
                                                    "size": 32,
                                                    "sizes": []
                                                },
                                                "_margin_tablet": {
                                                    "unit": "px",
                                                    "top": "0",
                                                    "right": "0",
                                                    "bottom": "10",
                                                    "left": "0",
                                                    "isLinked": false
                                                },
                                                "_margin_mobile": {
                                                    "unit": "px",
                                                    "top": "0",
                                                    "right": "0",
                                                    "bottom": "0",
                                                    "left": "0",
                                                    "isLinked": false
                                                }
                                            },
                                            "elements": [],
                                            "isInner": false,
                                            "widgetType": "image",
                                            "elType": "widget"
                                        },
                                        {
                                            "id": "25f7f4c9",
                                            "settings": {
                                                "editor": "<p>Lorem ipsum dolor sit amet, consec tetur adipiscing elit. Ut elit tellus.<\/p>",
                                                "__globals__": {
                                                    "text_color": "globals\/colors?id=text",
                                                    "typography_typography": "globals\/typography?id=text"
                                                },
                                                "_margin": {
                                                    "unit": "px",
                                                    "top": "0",
                                                    "right": "250",
                                                    "bottom": "-10",
                                                    "left": "0",
                                                    "isLinked": false
                                                },
                                                "align_tablet": "center",
                                                "_margin_tablet": {
                                                    "unit": "px",
                                                    "top": "0",
                                                    "right": "190",
                                                    "bottom": "-10",
                                                    "left": "190",
                                                    "isLinked": false
                                                },
                                                "_margin_mobile": {
                                                    "unit": "px",
                                                    "top": "0",
                                                    "right": "0",
                                                    "bottom": "-10",
                                                    "left": "0",
                                                    "isLinked": false
                                                }
                                            },
                                            "elements": [],
                                            "isInner": false,
                                            "widgetType": "text-editor",
                                            "elType": "widget"
                                        },
                                        {
                                            "id": "2664d017",
                                            "settings": {
                                                "social_icon_list": [
                                                    {
                                                        "social_icon": {
                                                            "value": "fab fa-facebook",
                                                            "library": "fa-brands"
                                                        },
                                                        "_id": "a508f0d"
                                                    },
                                                    {
                                                        "social_icon": {
                                                            "value": "fab fa-twitter",
                                                            "library": "fa-brands"
                                                        },
                                                        "_id": "095acaf"
                                                    },
                                                    {
                                                        "social_icon": {
                                                            "value": "fab fa-youtube",
                                                            "library": "fa-brands"
                                                        },
                                                        "_id": "068d8f5"
                                                    },
                                                    {
                                                        "social_icon": {
                                                            "value": "fab fa-linkedin",
                                                            "library": "fa-brands"
                                                        },
                                                        "_id": "d113b3f"
                                                    }
                                                ],
                                                "align": "left",
                                                "icon_color": "custom",
                                                "icon_size": {
                                                    "unit": "px",
                                                    "size": 12,
                                                    "sizes": []
                                                },
                                                "icon_padding": {
                                                    "unit": "em",
                                                    "size": 0.7,
                                                    "sizes": []
                                                },
                                                "icon_spacing": {
                                                    "unit": "px",
                                                    "size": 10,
                                                    "sizes": []
                                                },
                                                "border_radius": {
                                                    "unit": "px",
                                                    "top": "0",
                                                    "right": "0",
                                                    "bottom": "0",
                                                    "left": "0",
                                                    "isLinked": true
                                                },
                                                "__globals__": {
                                                    "icon_primary_color": "",
                                                    "icon_secondary_color": "",
                                                    "hover_primary_color": "globals\/colors?id=accent",
                                                    "hover_secondary_color": "globals\/colors?id=4ed0f42",
                                                    "image_border_color": "globals\/colors?id=accent"
                                                },
                                                "align_tablet": "center",
                                                "icon_primary_color": "#E8F36800",
                                                "icon_secondary_color": "#FFFFFFD1",
                                                "image_border_border": "solid",
                                                "image_border_width": {
                                                    "unit": "px",
                                                    "top": "1",
                                                    "right": "1",
                                                    "bottom": "1",
                                                    "left": "1",
                                                    "isLinked": true
                                                },
                                                "image_border_color": "#E8F368",
                                                "hover_primary_color": "#FFFFFF",
                                                "hover_secondary_color": "#000000"
                                            },
                                            "elements": [],
                                            "isInner": false,
                                            "widgetType": "social-icons",
                                            "elType": "widget"
                                        }
                                    ],
                                    "isInner": true,
                                    "elType": "column"
                                },
                                {
                                    "id": "164558a2",
                                    "settings": {
                                        "_column_size": 25,
                                        "_inline_size": 25.333,
                                        "padding": {
                                            "unit": "px",
                                            "top": "0",
                                            "right": "0",
                                            "bottom": "0",
                                            "left": "0",
                                            "isLinked": false
                                        },
                                        "_inline_size_tablet": 47,
                                        "padding_mobile": {
                                            "unit": "px",
                                            "top": "0",
                                            "right": "0",
                                            "bottom": "40",
                                            "left": "0",
                                            "isLinked": false
                                        },
                                        "animation": "fadeIn",
                                        "animation_delay": 200
                                    },
                                    "elements": [
                                        {
                                            "id": "2e90d5a8",
                                            "settings": {
                                                "title": "Contacts",
                                                "header_size": "h4",
                                                "__globals__": {
                                                    "typography_typography": "globals\/typography?id=c6a928b",
                                                    "title_color": "globals\/colors?id=primary"
                                                }
                                            },
                                            "elements": [],
                                            "isInner": false,
                                            "widgetType": "heading",
                                            "elType": "widget"
                                        },
                                        {
                                            "id": "3d4d08ac",
                                            "settings": {
                                                "icon_list": [
                                                    {
                                                        "text": "A: 457 Morningview Lane, <br> New York USA",
                                                        "selected_icon": {
                                                            "value": "",
                                                            "library": ""
                                                        },
                                                        "_id": "6435ead",
                                                        "link": {
                                                            "url": "#",
                                                            "is_external": "",
                                                            "nofollow": "",
                                                            "custom_attributes": ""
                                                        }
                                                    },
                                                    {
                                                        "text": "E: limma@mails.com <br> example@mail.com",
                                                        "selected_icon": {
                                                            "value": "",
                                                            "library": ""
                                                        },
                                                        "_id": "ed97136",
                                                        "link": {
                                                            "url": "#",
                                                            "is_external": "",
                                                            "nofollow": "",
                                                            "custom_attributes": ""
                                                        }
                                                    },
                                                    {
                                                        "text": "P: +1 (234) 567 890 <br> +0 (987) 654 321",
                                                        "selected_icon": {
                                                            "value": "",
                                                            "library": ""
                                                        },
                                                        "_id": "e0df306",
                                                        "link": {
                                                            "url": "#",
                                                            "is_external": "",
                                                            "nofollow": "",
                                                            "custom_attributes": ""
                                                        }
                                                    }
                                                ],
                                                "space_between": {
                                                    "unit": "px",
                                                    "size": 10,
                                                    "sizes": []
                                                },
                                                "text_indent": {
                                                    "unit": "px",
                                                    "size": 0,
                                                    "sizes": []
                                                },
                                                "_margin": {
                                                    "unit": "px",
                                                    "top": "-5",
                                                    "right": "0",
                                                    "bottom": "0",
                                                    "left": "0",
                                                    "isLinked": false
                                                },
                                                "__globals__": {
                                                    "text_color": "globals\/colors?id=text",
                                                    "text_color_hover": "globals\/colors?id=accent"
                                                }
                                            },
                                            "elements": [],
                                            "isInner": false,
                                            "widgetType": "icon-list",
                                            "elType": "widget"
                                        }
                                    ],
                                    "isInner": true,
                                    "elType": "column"
                                },
                                {
                                    "id": "516ad205",
                                    "settings": {
                                        "_column_size": 25,
                                        "_inline_size": 19.917,
                                        "padding": {
                                            "unit": "px",
                                            "top": "0",
                                            "right": "0",
                                            "bottom": "0",
                                            "left": "0",
                                            "isLinked": false
                                        },
                                        "_inline_size_tablet": 39,
                                        "padding_mobile": {
                                            "unit": "px",
                                            "top": "0",
                                            "right": "0",
                                            "bottom": "40",
                                            "left": "0",
                                            "isLinked": false
                                        },
                                        "animation": "fadeIn",
                                        "animation_delay": 400
                                    },
                                    "elements": [
                                        {
                                            "id": "7feb4796",
                                            "settings": {
                                                "title": "Quicklinks",
                                                "header_size": "h4",
                                                "__globals__": {
                                                    "typography_typography": "globals\/typography?id=c6a928b",
                                                    "title_color": "globals\/colors?id=primary"
                                                }
                                            },
                                            "elements": [],
                                            "isInner": false,
                                            "widgetType": "heading",
                                            "elType": "widget"
                                        },
                                        {
                                            "id": "1aec574f",
                                            "settings": {
                                                "menu": "footer",
                                                "layout": "vertical",
                                                "padding_horizontal_menu_item": {
                                                    "unit": "px",
                                                    "size": 0,
                                                    "sizes": []
                                                },
                                                "padding_vertical_menu_item": {
                                                    "unit": "px",
                                                    "size": 3,
                                                    "sizes": []
                                                },
                                                "_margin": {
                                                    "unit": "px",
                                                    "top": "-9",
                                                    "right": "0",
                                                    "bottom": "-10",
                                                    "left": "0",
                                                    "isLinked": false
                                                },
                                                "__globals__": {
                                                    "menu_typography_typography": "globals\/typography?id=text",
                                                    "color_menu_item_active": "",
                                                    "color_menu_item": "",
                                                    "color_menu_item_hover": "globals\/colors?id=accent"
                                                },
                                                "dropdown": "none",
                                                "color_menu_item": "#FFFFFF",
                                                "color_menu_item_active": "#FFFFFF"
                                            },
                                            "elements": [],
                                            "isInner": false,
                                            "widgetType": "navigation-menu",
                                            "elType": "widget"
                                        }
                                    ],
                                    "isInner": true,
                                    "elType": "column"
                                },
                                {
                                    "id": "138139f2",
                                    "settings": {
                                        "_column_size": 25,
                                        "_inline_size": 8,
                                        "padding": {
                                            "unit": "px",
                                            "top": "0",
                                            "right": "0",
                                            "bottom": "0",
                                            "left": "0",
                                            "isLinked": false
                                        },
                                        "_inline_size_tablet": 14,
                                        "animation": "fadeIn",
                                        "animation_delay": 600,
                                        "padding_mobile": {
                                            "unit": "px",
                                            "top": "0",
                                            "right": "0",
                                            "bottom": "40",
                                            "left": "0",
                                            "isLinked": false
                                        }
                                    },
                                    "elements": [
                                        {
                                            "id": "4823db68",
                                            "settings": {
                                                "title": "Support",
                                                "header_size": "h4",
                                                "__globals__": {
                                                    "typography_typography": "globals\/typography?id=c6a928b",
                                                    "title_color": "globals\/colors?id=primary"
                                                }
                                            },
                                            "elements": [],
                                            "isInner": false,
                                            "widgetType": "heading",
                                            "elType": "widget"
                                        },
                                        {
                                            "id": "75153e33",
                                            "settings": {
                                                "icon_list": [
                                                    {
                                                        "text": "Help Center",
                                                        "selected_icon": {
                                                            "value": "",
                                                            "library": ""
                                                        },
                                                        "_id": "6435ead",
                                                        "link": {
                                                            "url": "#",
                                                            "is_external": "",
                                                            "nofollow": "",
                                                            "custom_attributes": ""
                                                        }
                                                    },
                                                    {
                                                        "text": "Disclaimer",
                                                        "selected_icon": {
                                                            "value": "",
                                                            "library": ""
                                                        },
                                                        "link": {
                                                            "url": "#",
                                                            "is_external": "",
                                                            "nofollow": "",
                                                            "custom_attributes": ""
                                                        },
                                                        "_id": "2da44c3"
                                                    },
                                                    {
                                                        "text": "Privacy Policy",
                                                        "selected_icon": {
                                                            "value": "",
                                                            "library": ""
                                                        },
                                                        "link": {
                                                            "url": "#",
                                                            "is_external": "",
                                                            "nofollow": "",
                                                            "custom_attributes": ""
                                                        },
                                                        "_id": "0ea3038"
                                                    },
                                                    {
                                                        "text": "FAQs",
                                                        "selected_icon": {
                                                            "value": "",
                                                            "library": ""
                                                        },
                                                        "_id": "ed97136",
                                                        "link": {
                                                            "url": "#",
                                                            "is_external": "",
                                                            "nofollow": "",
                                                            "custom_attributes": ""
                                                        }
                                                    },
                                                    {
                                                        "text": "Contact",
                                                        "selected_icon": {
                                                            "value": "",
                                                            "library": ""
                                                        },
                                                        "_id": "e0df306",
                                                        "link": {
                                                            "url": "#",
                                                            "is_external": "",
                                                            "nofollow": "",
                                                            "custom_attributes": ""
                                                        }
                                                    }
                                                ],
                                                "space_between": {
                                                    "unit": "px",
                                                    "size": 6,
                                                    "sizes": []
                                                },
                                                "text_indent": {
                                                    "unit": "px",
                                                    "size": 0,
                                                    "sizes": []
                                                },
                                                "_margin": {
                                                    "unit": "px",
                                                    "top": "-5",
                                                    "right": "0",
                                                    "bottom": "-7",
                                                    "left": "0",
                                                    "isLinked": false
                                                },
                                                "__globals__": {
                                                    "text_color": "",
                                                    "text_color_hover": "globals\/colors?id=accent"
                                                },
                                                "text_color": "#FFFFFF"
                                            },
                                            "elements": [],
                                            "isInner": false,
                                            "widgetType": "icon-list",
                                            "elType": "widget"
                                        }
                                    ],
                                    "isInner": true,
                                    "elType": "column"
                                }
                            ],
                            "isInner": true,
                            "elType": "section"
                        }
                    ],
                    "isInner": false,
                    "elType": "column"
                }
            ],
            "isInner": false,
            "elType": "section"
        },
        {
            "id": "5704c14d",
            "settings": {
                "content_width": {
                    "unit": "px",
                    "size": 1200,
                    "sizes": []
                },
                "background_background": "classic",
                "padding": {
                    "unit": "px",
                    "top": "15",
                    "right": "0",
                    "bottom": "15",
                    "left": "0",
                    "isLinked": false
                },
                "transparent": "",
                "transparent_on": [
                    "desktop",
                    "tablet",
                    "mobile"
                ],
                "scroll_distance": {
                    "unit": "px",
                    "size": 60,
                    "sizes": []
                },
                "scroll_distance_tablet": {
                    "unit": "px",
                    "size": "",
                    "sizes": []
                },
                "scroll_distance_mobile": {
                    "unit": "px",
                    "size": "",
                    "sizes": []
                },
                "transparent_header_show": "",
                "background_show": "",
                "background": "",
                "bottom_border": "",
                "custom_bottom_border_color": "",
                "custom_bottom_border_width": {
                    "unit": "px",
                    "size": 0,
                    "sizes": []
                },
                "custom_bottom_border_width_tablet": {
                    "unit": "px",
                    "size": "",
                    "sizes": []
                },
                "custom_bottom_border_width_mobile": {
                    "unit": "px",
                    "size": "",
                    "sizes": []
                },
                "shrink_header": "",
                "custom_height_header": {
                    "unit": "px",
                    "size": 70,
                    "sizes": []
                },
                "custom_height_header_tablet": {
                    "unit": "px",
                    "size": "",
                    "sizes": []
                },
                "custom_height_header_mobile": {
                    "unit": "px",
                    "size": "",
                    "sizes": []
                },
                "shrink_header_logo": "",
                "custom_height_header_logo": {
                    "unit": "px",
                    "size": 70,
                    "sizes": []
                },
                "custom_height_header_logo_tablet": {
                    "unit": "px",
                    "size": "",
                    "sizes": []
                },
                "custom_height_header_logo_mobile": {
                    "unit": "px",
                    "size": "",
                    "sizes": []
                },
                "change_logo_color": "",
                "logo_color_white_before": "",
                "logo_color_black_before": "",
                "logo_color_white_after": "",
                "logo_color_black_after": "",
                "logo_color_full_after": "",
                "blur_bg": "",
                "hide_header": "",
                "scroll_distance_hide_header": {
                    "unit": "px",
                    "size": 500,
                    "sizes": []
                },
                "scroll_distance_hide_header_tablet": {
                    "unit": "px",
                    "size": "",
                    "sizes": []
                },
                "scroll_distance_hide_header_mobile": {
                    "unit": "px",
                    "size": "",
                    "sizes": []
                },
                "structure": "20",
                "border_border": "solid",
                "border_width": {
                    "unit": "px",
                    "top": "0",
                    "right": "0",
                    "bottom": "0",
                    "left": "0",
                    "isLinked": false
                },
                "__globals__": {
                    "border_color": "globals\/colors?id=accent",
                    "background_color": ""
                },
                "padding_tablet": {
                    "unit": "px",
                    "top": "15",
                    "right": "30",
                    "bottom": "15",
                    "left": "30",
                    "isLinked": false
                },
                "padding_mobile": {
                    "unit": "px",
                    "top": "20",
                    "right": "20",
                    "bottom": "20",
                    "left": "20",
                    "isLinked": false
                },
                "reverse_order_mobile": "reverse-mobile",
                "background_color": "#12120F",
                "border_color": "#E8F368"
            },
            "elements": [
                {
                    "id": "1d21d78d",
                    "settings": {
                        "_column_size": 50,
                        "_inline_size": null,
                        "padding": {
                            "unit": "px",
                            "top": "0",
                            "right": "0",
                            "bottom": "0",
                            "left": "0",
                            "isLinked": false
                        }
                    },
                    "elements": [
                        {
                            "id": "2aa173a6",
                            "settings": {
                                "editor": "<p>Copyright \u00a9 2022 ASK Project<\/p>",
                                "align": "left",
                                "_margin": {
                                    "unit": "px",
                                    "top": "0",
                                    "right": "0",
                                    "bottom": "-15",
                                    "left": "0",
                                    "isLinked": false
                                },
                                "align_mobile": "center",
                                "__globals__": {
                                    "text_color": ""
                                },
                                "text_color": "#FFFFFF"
                            },
                            "elements": [],
                            "isInner": false,
                            "widgetType": "text-editor",
                            "elType": "widget"
                        }
                    ],
                    "isInner": false,
                    "elType": "column"
                },
                {
                    "id": "491c081b",
                    "settings": {
                        "_column_size": 50,
                        "_inline_size": null,
                        "align": "flex-end",
                        "padding": {
                            "unit": "px",
                            "top": "0",
                            "right": "0",
                            "bottom": "0",
                            "left": "0",
                            "isLinked": false
                        },
                        "align_mobile": "center",
                        "padding_mobile": {
                            "unit": "px",
                            "top": "0",
                            "right": "0",
                            "bottom": "10",
                            "left": "0",
                            "isLinked": false
                        }
                    },
                    "elements": [
                        {
                            "id": "5704aa7b",
                            "settings": {
                                "text": "Privacy Policy",
                                "background_color": "#0A6CFF00",
                                "border_radius": {
                                    "unit": "px",
                                    "top": "0",
                                    "right": "0",
                                    "bottom": "0",
                                    "left": "0",
                                    "isLinked": false
                                },
                                "text_padding": {
                                    "unit": "px",
                                    "top": "0",
                                    "right": "0",
                                    "bottom": "0",
                                    "left": "0",
                                    "isLinked": false
                                },
                                "_margin": {
                                    "unit": "px",
                                    "top": "0",
                                    "right": "20",
                                    "bottom": "0",
                                    "left": "0",
                                    "isLinked": false
                                },
                                "_element_width": "auto",
                                "__globals__": {
                                    "typography_typography": "globals\/typography?id=text",
                                    "hover_color": "globals\/colors?id=accent",
                                    "button_text_color": ""
                                },
                                "border_border": "solid",
                                "border_width": {
                                    "unit": "px",
                                    "top": "0",
                                    "right": "0",
                                    "bottom": "0",
                                    "left": "0",
                                    "isLinked": false
                                },
                                "button_text_color": "#FFFFFF",
                                "background_background": "gradient",
                                "background_color_b": "#F2295B00",
                                "hover_color": "#0145FA"
                            },
                            "elements": [],
                            "isInner": false,
                            "widgetType": "button",
                            "elType": "widget"
                        },
                        {
                            "id": "2f290e60",
                            "settings": {
                                "text": "Terms & Services",
                                "background_color": "#0A6CFF00",
                                "border_radius": {
                                    "unit": "px",
                                    "top": "0",
                                    "right": "0",
                                    "bottom": "0",
                                    "left": "0",
                                    "isLinked": false
                                },
                                "text_padding": {
                                    "unit": "px",
                                    "top": "0",
                                    "right": "0",
                                    "bottom": "0",
                                    "left": "0",
                                    "isLinked": false
                                },
                                "_element_width": "auto",
                                "__globals__": {
                                    "typography_typography": "globals\/typography?id=text",
                                    "hover_color": "globals\/colors?id=accent",
                                    "button_text_color": ""
                                },
                                "border_border": "solid",
                                "border_width": {
                                    "unit": "px",
                                    "top": "0",
                                    "right": "0",
                                    "bottom": "0",
                                    "left": "0",
                                    "isLinked": false
                                },
                                "button_text_color": "#FFFFFF",
                                "background_background": "gradient",
                                "background_color_b": "#F2295B00"
                            },
                            "elements": [],
                            "isInner": false,
                            "widgetType": "button",
                            "elType": "widget"
                        }
                    ],
                    "isInner": false,
                    "elType": "column"
                }
            ],
            "isInner": false,
            "elType": "section"
        }
    ],
    "page_settings": {
        "hide_title": "yes",
        "template": "elementor_canvas"
    }
}