{
    "version": "0.4",
    "title": "Project Detail",
    "type": "page",
    "metadata": {
        "template_type": "single-page",
        "include_in_zip": "1",
        "elementor_pro_required": null,
        "wp_page_template": "elementor_header_footer"
    },
    "content": [
        {
            "id": "18642ace",
            "settings": {
                "content_width": {
                    "unit": "px",
                    "size": 1200,
                    "sizes": []
                },
                "height": "min-height",
                "custom_height": {
                    "unit": "vh",
                    "size": 40,
                    "sizes": []
                },
                "custom_height_tablet": {
                    "unit": "vh",
                    "size": 35,
                    "sizes": []
                },
                "custom_height_mobile": {
                    "unit": "vh",
                    "size": 30,
                    "sizes": []
                },
                "border_border": "solid",
                "border_width": {
                    "unit": "px",
                    "top": "1",
                    "right": "0",
                    "bottom": "1",
                    "left": "0",
                    "isLinked": false
                },
                "border_color": "#FFFFFF26",
                "padding_tablet": {
                    "unit": "px",
                    "top": "0",
                    "right": "30",
                    "bottom": "0",
                    "left": "30",
                    "isLinked": false
                },
                "padding_mobile": {
                    "unit": "px",
                    "top": "0",
                    "right": "20",
                    "bottom": "0",
                    "left": "20",
                    "isLinked": false
                }
            },
            "elements": [
                {
                    "id": "3d82beb6",
                    "settings": {
                        "_column_size": 100,
                        "_inline_size": null,
                        "padding": {
                            "unit": "px",
                            "top": "0",
                            "right": "0",
                            "bottom": "0",
                            "left": "0",
                            "isLinked": false
                        }
                    },
                    "elements": [
                        {
                            "id": "3b5cc7b8",
                            "settings": {
                                "title": "Project Details",
                                "align": "center",
                                "_margin": {
                                    "unit": "px",
                                    "top": "-5",
                                    "right": "0",
                                    "bottom": "-10",
                                    "left": "0",
                                    "isLinked": false
                                },
                                "_animation": "fadeIn",
                                "__globals__": {
                                    "typography_typography": "globals\/typography?id=secondary"
                                }
                            },
                            "elements": [],
                            "isInner": false,
                            "widgetType": "heading",
                            "elType": "widget"
                        },
                        {
                            "id": "7533a9aa",
                            "settings": {
                                "view": "inline",
                                "icon_list": [
                                    {
                                        "text": "Home",
                                        "selected_icon": {
                                            "value": "",
                                            "library": ""
                                        },
                                        "_id": "b9a7c39",
                                        "link": {
                                            "url": "#",
                                            "is_external": "",
                                            "nofollow": "",
                                            "custom_attributes": ""
                                        }
                                    },
                                    {
                                        "text": "Projects",
                                        "selected_icon": {
                                            "value": "icon icon-right-arrow",
                                            "library": "ekiticons"
                                        },
                                        "_id": "8ff9eea"
                                    }
                                ],
                                "space_between": {
                                    "unit": "px",
                                    "size": 15,
                                    "sizes": []
                                },
                                "icon_align": "center",
                                "icon_size": {
                                    "unit": "px",
                                    "size": 15,
                                    "sizes": []
                                },
                                "text_indent": {
                                    "unit": "px",
                                    "size": 15,
                                    "sizes": []
                                },
                                "_margin": {
                                    "unit": "px",
                                    "top": "0",
                                    "right": "0",
                                    "bottom": "0",
                                    "left": "-15",
                                    "isLinked": false
                                },
                                "_animation": "fadeIn",
                                "_animation_delay": 200,
                                "__globals__": {
                                    "icon_color": "globals\/colors?id=accent",
                                    "icon_typography_typography": "globals\/typography?id=accent",
                                    "text_color": "globals\/colors?id=text",
                                    "text_color_hover": "globals\/colors?id=accent"
                                }
                            },
                            "elements": [],
                            "isInner": false,
                            "widgetType": "icon-list",
                            "elType": "widget"
                        }
                    ],
                    "isInner": false,
                    "elType": "column"
                }
            ],
            "isInner": false,
            "elType": "section"
        },
        {
            "id": "2ecffa9a",
            "settings": {
                "content_width": {
                    "unit": "px",
                    "size": 1200,
                    "sizes": []
                },
                "padding": {
                    "unit": "px",
                    "top": "100",
                    "right": "0",
                    "bottom": "100",
                    "left": "0",
                    "isLinked": false
                },
                "padding_tablet": {
                    "unit": "px",
                    "top": "70",
                    "right": "30",
                    "bottom": "70",
                    "left": "30",
                    "isLinked": false
                },
                "padding_mobile": {
                    "unit": "px",
                    "top": "70",
                    "right": "20",
                    "bottom": "70",
                    "left": "20",
                    "isLinked": false
                },
                "__globals__": {
                    "background_color": "globals\/colors?id=secondary"
                }
            },
            "elements": [
                {
                    "id": "60e5779a",
                    "settings": {
                        "_column_size": 100,
                        "_inline_size": null,
                        "padding": {
                            "unit": "px",
                            "top": "0",
                            "right": "0",
                            "bottom": "0",
                            "left": "0",
                            "isLinked": false
                        }
                    },
                    "elements": [
                        {
                            "id": "738131b2",
                            "settings": {
                                "content_width": {
                                    "unit": "px",
                                    "size": 1200,
                                    "sizes": []
                                },
                                "structure": "21",
                                "margin": {
                                    "unit": "px",
                                    "top": "0",
                                    "right": 0,
                                    "bottom": "30",
                                    "left": 0,
                                    "isLinked": false
                                },
                                "reverse_order_mobile": "reverse-mobile"
                            },
                            "elements": [
                                {
                                    "id": "7c6f27df",
                                    "settings": {
                                        "_column_size": 33,
                                        "_inline_size": 40,
                                        "_inline_size_tablet": 50,
                                        "padding": {
                                            "unit": "px",
                                            "top": "0",
                                            "right": "0",
                                            "bottom": "0",
                                            "left": "0",
                                            "isLinked": false
                                        },
                                        "animation": "fadeIn"
                                    },
                                    "elements": [
                                        {
                                            "id": "4a4cb797",
                                            "settings": {
                                                "image": {
                                                    "url": "http:\/\/askproject.net\/limma\/wp-content\/uploads\/sites\/97\/2022\/09\/simon-lee-IEgvy4o3byM-unsplash.jpg",
                                                    "id": 886,
                                                    "alt": "",
                                                    "source": "library"
                                                }
                                            },
                                            "elements": [],
                                            "isInner": false,
                                            "widgetType": "image",
                                            "elType": "widget"
                                        }
                                    ],
                                    "isInner": true,
                                    "elType": "column"
                                },
                                {
                                    "id": "535027f4",
                                    "settings": {
                                        "_column_size": 66,
                                        "_inline_size": 59.666,
                                        "_inline_size_tablet": 50,
                                        "content_position": "center",
                                        "margin": {
                                            "unit": "px",
                                            "top": "0",
                                            "right": "0",
                                            "bottom": "0",
                                            "left": "70",
                                            "isLinked": false
                                        },
                                        "margin_mobile": {
                                            "unit": "px",
                                            "top": "0",
                                            "right": "0",
                                            "bottom": "40",
                                            "left": "0",
                                            "isLinked": false
                                        },
                                        "padding": {
                                            "unit": "px",
                                            "top": "0",
                                            "right": "0",
                                            "bottom": "0",
                                            "left": "0",
                                            "isLinked": false
                                        },
                                        "animation": "fadeIn",
                                        "animation_delay": 200
                                    },
                                    "elements": [
                                        {
                                            "id": "2845d77b",
                                            "settings": {
                                                "editor": "<p>Our Project<\/p>",
                                                "align": "left",
                                                "_margin": {
                                                    "unit": "px",
                                                    "top": "0",
                                                    "right": "0",
                                                    "bottom": "-15",
                                                    "left": "0",
                                                    "isLinked": false
                                                },
                                                "__globals__": {
                                                    "text_color": "globals\/colors?id=primary",
                                                    "typography_typography": "globals\/typography?id=e22fc20"
                                                },
                                                "align_mobile": "left"
                                            },
                                            "elements": [],
                                            "isInner": false,
                                            "widgetType": "text-editor",
                                            "elType": "widget"
                                        },
                                        {
                                            "id": "31cd8222",
                                            "settings": {
                                                "title": "3d Artwork Project",
                                                "align": "left",
                                                "align_mobile": "left",
                                                "_margin": {
                                                    "unit": "px",
                                                    "top": "0",
                                                    "right": "0",
                                                    "bottom": "0",
                                                    "left": "0",
                                                    "isLinked": false
                                                },
                                                "_margin_tablet": {
                                                    "unit": "px",
                                                    "top": "0",
                                                    "right": "0",
                                                    "bottom": "0",
                                                    "left": "0",
                                                    "isLinked": false
                                                },
                                                "_margin_mobile": {
                                                    "unit": "px",
                                                    "top": "0",
                                                    "right": "0",
                                                    "bottom": "0",
                                                    "left": "0",
                                                    "isLinked": false
                                                },
                                                "_animation_delay": 200,
                                                "__globals__": {
                                                    "title_color": "globals\/colors?id=primary",
                                                    "typography_typography": "globals\/typography?id=secondary"
                                                }
                                            },
                                            "elements": [],
                                            "isInner": false,
                                            "widgetType": "heading",
                                            "elType": "widget"
                                        },
                                        {
                                            "id": "3e29a036",
                                            "settings": {
                                                "editor": "<p>Lorem ipsum dolor sit amet, consectetur adipiscing elit. Nam in magna orci. Duis dapibus, tortor a vulputate venenatis, purus odio gravida nulla, vel viverra tortor sem sed urna. Ut finibus sem ante, a viverra leo molestie interdum.<\/p>",
                                                "align": "left",
                                                "_margin": {
                                                    "unit": "px",
                                                    "top": "0",
                                                    "right": "0",
                                                    "bottom": "-10",
                                                    "left": "0",
                                                    "isLinked": false
                                                },
                                                "_margin_tablet": {
                                                    "unit": "px",
                                                    "top": "0",
                                                    "right": "0",
                                                    "bottom": "0",
                                                    "left": "0",
                                                    "isLinked": false
                                                },
                                                "_margin_mobile": {
                                                    "unit": "px",
                                                    "top": "0",
                                                    "right": "0",
                                                    "bottom": "0",
                                                    "left": "0",
                                                    "isLinked": false
                                                },
                                                "_animation_delay": 400,
                                                "__globals__": {
                                                    "typography_typography": "globals\/typography?id=text"
                                                },
                                                "align_mobile": "left"
                                            },
                                            "elements": [],
                                            "isInner": false,
                                            "widgetType": "text-editor",
                                            "elType": "widget"
                                        },
                                        {
                                            "id": "6de1f2a5",
                                            "settings": {
                                                "title": "Date :",
                                                "_margin": {
                                                    "unit": "px",
                                                    "top": "0",
                                                    "right": "10",
                                                    "bottom": "0",
                                                    "left": "0",
                                                    "isLinked": false
                                                },
                                                "_element_width": "auto",
                                                "__globals__": {
                                                    "typography_typography": "globals\/typography?id=f21a2dc",
                                                    "title_color": "globals\/colors?id=accent"
                                                }
                                            },
                                            "elements": [],
                                            "isInner": false,
                                            "widgetType": "heading",
                                            "elType": "widget"
                                        },
                                        {
                                            "id": "6f1a642",
                                            "settings": {
                                                "editor": "<p>24 August 2022<\/p>",
                                                "_margin": {
                                                    "unit": "px",
                                                    "top": "2",
                                                    "right": "0",
                                                    "bottom": "-15",
                                                    "left": "0",
                                                    "isLinked": false
                                                },
                                                "_element_width": "auto",
                                                "_element_vertical_align": "center",
                                                "__globals__": {
                                                    "text_color": "globals\/colors?id=primary",
                                                    "typography_typography": "globals\/typography?id=cf046ed"
                                                }
                                            },
                                            "elements": [],
                                            "isInner": false,
                                            "widgetType": "text-editor",
                                            "elType": "widget"
                                        },
                                        {
                                            "id": "217bf699",
                                            "settings": {
                                                "space": {
                                                    "unit": "px",
                                                    "size": 5,
                                                    "sizes": []
                                                },
                                                "_margin": {
                                                    "unit": "px",
                                                    "top": "0",
                                                    "right": "0",
                                                    "bottom": "-5",
                                                    "left": "0",
                                                    "isLinked": false
                                                }
                                            },
                                            "elements": [],
                                            "isInner": false,
                                            "widgetType": "spacer",
                                            "elType": "widget"
                                        },
                                        {
                                            "id": "6ae7a1a6",
                                            "settings": {
                                                "title": "Category :",
                                                "_margin": {
                                                    "unit": "px",
                                                    "top": "-10",
                                                    "right": "10",
                                                    "bottom": "0",
                                                    "left": "0",
                                                    "isLinked": false
                                                },
                                                "_element_width": "auto",
                                                "__globals__": {
                                                    "typography_typography": "globals\/typography?id=f21a2dc",
                                                    "title_color": "globals\/colors?id=accent"
                                                }
                                            },
                                            "elements": [],
                                            "isInner": false,
                                            "widgetType": "heading",
                                            "elType": "widget"
                                        },
                                        {
                                            "id": "7c4a3aec",
                                            "settings": {
                                                "editor": "<p>Design, artwork<\/p>",
                                                "_margin": {
                                                    "unit": "px",
                                                    "top": "-8",
                                                    "right": "0",
                                                    "bottom": "-15",
                                                    "left": "0",
                                                    "isLinked": false
                                                },
                                                "_element_width": "auto",
                                                "_element_vertical_align": "center",
                                                "__globals__": {
                                                    "text_color": "globals\/colors?id=primary",
                                                    "typography_typography": "globals\/typography?id=cf046ed"
                                                }
                                            },
                                            "elements": [],
                                            "isInner": false,
                                            "widgetType": "text-editor",
                                            "elType": "widget"
                                        },
                                        {
                                            "id": "349b9d48",
                                            "settings": {
                                                "space": {
                                                    "unit": "px",
                                                    "size": 5,
                                                    "sizes": []
                                                },
                                                "_margin": {
                                                    "unit": "px",
                                                    "top": "0",
                                                    "right": "0",
                                                    "bottom": "-5",
                                                    "left": "0",
                                                    "isLinked": false
                                                }
                                            },
                                            "elements": [],
                                            "isInner": false,
                                            "widgetType": "spacer",
                                            "elType": "widget"
                                        },
                                        {
                                            "id": "7b12189e",
                                            "settings": {
                                                "title": "Tags :",
                                                "_margin": {
                                                    "unit": "px",
                                                    "top": "-10",
                                                    "right": "10",
                                                    "bottom": "0",
                                                    "left": "0",
                                                    "isLinked": false
                                                },
                                                "_element_width": "auto",
                                                "__globals__": {
                                                    "typography_typography": "globals\/typography?id=f21a2dc",
                                                    "title_color": "globals\/colors?id=accent"
                                                }
                                            },
                                            "elements": [],
                                            "isInner": false,
                                            "widgetType": "heading",
                                            "elType": "widget"
                                        },
                                        {
                                            "id": "5ebc9c7d",
                                            "settings": {
                                                "editor": "<p>Art, Digital<\/p>",
                                                "_margin": {
                                                    "unit": "px",
                                                    "top": "-8",
                                                    "right": "0",
                                                    "bottom": "-15",
                                                    "left": "0",
                                                    "isLinked": false
                                                },
                                                "_element_width": "auto",
                                                "_element_vertical_align": "center",
                                                "__globals__": {
                                                    "text_color": "globals\/colors?id=primary",
                                                    "typography_typography": "globals\/typography?id=cf046ed"
                                                }
                                            },
                                            "elements": [],
                                            "isInner": false,
                                            "widgetType": "text-editor",
                                            "elType": "widget"
                                        },
                                        {
                                            "id": "3c3f01b3",
                                            "settings": {
                                                "space": {
                                                    "unit": "px",
                                                    "size": 5,
                                                    "sizes": []
                                                },
                                                "_margin": {
                                                    "unit": "px",
                                                    "top": "0",
                                                    "right": "0",
                                                    "bottom": "-5",
                                                    "left": "0",
                                                    "isLinked": false
                                                }
                                            },
                                            "elements": [],
                                            "isInner": false,
                                            "widgetType": "spacer",
                                            "elType": "widget"
                                        },
                                        {
                                            "id": "6d51c335",
                                            "settings": {
                                                "title": "Client :",
                                                "_margin": {
                                                    "unit": "px",
                                                    "top": "-10",
                                                    "right": "10",
                                                    "bottom": "0",
                                                    "left": "0",
                                                    "isLinked": false
                                                },
                                                "_element_width": "auto",
                                                "__globals__": {
                                                    "typography_typography": "globals\/typography?id=f21a2dc",
                                                    "title_color": "globals\/colors?id=accent"
                                                }
                                            },
                                            "elements": [],
                                            "isInner": false,
                                            "widgetType": "heading",
                                            "elType": "widget"
                                        },
                                        {
                                            "id": "7c5f3705",
                                            "settings": {
                                                "editor": "<p>AAA Company<\/p>",
                                                "_margin": {
                                                    "unit": "px",
                                                    "top": "-8",
                                                    "right": "0",
                                                    "bottom": "-15",
                                                    "left": "0",
                                                    "isLinked": false
                                                },
                                                "_element_width": "auto",
                                                "_element_vertical_align": "center",
                                                "__globals__": {
                                                    "text_color": "globals\/colors?id=primary",
                                                    "typography_typography": "globals\/typography?id=cf046ed"
                                                }
                                            },
                                            "elements": [],
                                            "isInner": false,
                                            "widgetType": "text-editor",
                                            "elType": "widget"
                                        },
                                        {
                                            "id": "1abef6eb",
                                            "settings": {
                                                "ekit_socialshare_list_align": "left",
                                                "ekit_socialshare_add_icons": [
                                                    {
                                                        "_id": "0a982c7",
                                                        "__globals__": {
                                                            "ekit_socialshare_icon_bg_color": "",
                                                            "ekit_socialshare_icon_color": "globals\/colors?id=primary",
                                                            "ekit_socialshare_icon_hover_color": "globals\/colors?id=4ed0f42",
                                                            "ekit_socialshare_icon_hover_bg_color": "globals\/colors?id=accent",
                                                            "ekit_socialshare_border_color": "globals\/colors?id=accent"
                                                        },
                                                        "ekit_socialshare_icon_color": "#FFFFFF",
                                                        "ekit_socialshare_icon_bg_color": "#E8F36800",
                                                        "ekit_socialshare_border_border": "solid",
                                                        "ekit_socialshare_border_width": {
                                                            "unit": "px",
                                                            "top": "1",
                                                            "right": "1",
                                                            "bottom": "1",
                                                            "left": "1",
                                                            "isLinked": true
                                                        },
                                                        "ekit_socialshare_icon_hover_color": "#E8F368",
                                                        "ekit_socialshare_icon_hover_bg_color": "#FFFFFF"
                                                    },
                                                    {
                                                        "ekit_socialshare_icons": {
                                                            "value": "icon icon-twitter",
                                                            "library": "ekiticons"
                                                        },
                                                        "ekit_socialshare_label_text": "twitter",
                                                        "_id": "c5fb497",
                                                        "__globals__": {
                                                            "ekit_socialshare_icon_color": "globals\/colors?id=primary",
                                                            "ekit_socialshare_icon_bg_color": "",
                                                            "ekit_socialshare_icon_hover_color": "globals\/colors?id=4ed0f42",
                                                            "ekit_socialshare_icon_hover_bg_color": "globals\/colors?id=accent",
                                                            "ekit_socialshare_border_color": "globals\/colors?id=accent"
                                                        },
                                                        "ekit_socialshare_icon_color": "#FFFFFF",
                                                        "ekit_socialshare_icon_bg_color": "#E8F36800",
                                                        "ekit_socialshare_border_border": "solid",
                                                        "ekit_socialshare_border_width": {
                                                            "unit": "px",
                                                            "top": "1",
                                                            "right": "1",
                                                            "bottom": "1",
                                                            "left": "1",
                                                            "isLinked": true
                                                        },
                                                        "ekit_socialshare_icon_hover_color": "#E8F368",
                                                        "ekit_socialshare_icon_hover_bg_color": "#FFFFFF"
                                                    },
                                                    {
                                                        "ekit_socialshare_icons": {
                                                            "value": "icon icon-linkedin",
                                                            "library": "ekiticons"
                                                        },
                                                        "ekit_socialshare_label_text": "linkedin",
                                                        "_id": "a25f9cd",
                                                        "__globals__": {
                                                            "ekit_socialshare_icon_bg_color": "",
                                                            "ekit_socialshare_icon_color": "globals\/colors?id=primary",
                                                            "ekit_socialshare_icon_hover_color": "globals\/colors?id=4ed0f42",
                                                            "ekit_socialshare_icon_hover_bg_color": "globals\/colors?id=accent",
                                                            "ekit_socialshare_border_color": "globals\/colors?id=accent"
                                                        },
                                                        "ekit_socialshare_icon_color": "#FFFFFF",
                                                        "ekit_socialshare_icon_bg_color": "#E8F36800",
                                                        "ekit_socialshare_border_border": "solid",
                                                        "ekit_socialshare_border_width": {
                                                            "unit": "px",
                                                            "top": "1",
                                                            "right": "1",
                                                            "bottom": "1",
                                                            "left": "1",
                                                            "isLinked": true
                                                        },
                                                        "ekit_socialshare_icon_hover_color": "#E8F368",
                                                        "ekit_socialshare_icon_hover_bg_color": "#FFFFFF"
                                                    }
                                                ],
                                                "ekit_socialshare_list_item_width": {
                                                    "unit": "px",
                                                    "size": 30,
                                                    "sizes": []
                                                },
                                                "ekit_socialshare_list_item_height": {
                                                    "unit": "px",
                                                    "size": 30,
                                                    "sizes": []
                                                },
                                                "ekit_socialshare_list_line_height": {
                                                    "unit": "px",
                                                    "size": 26,
                                                    "sizes": []
                                                },
                                                "ekit_socialshare_list_icon_size": {
                                                    "unit": "px",
                                                    "size": 12,
                                                    "sizes": []
                                                },
                                                "ekit_socialshare_list_margin": {
                                                    "unit": "px",
                                                    "top": "0",
                                                    "right": "5",
                                                    "bottom": "0",
                                                    "left": "0",
                                                    "isLinked": false
                                                },
                                                "_margin": {
                                                    "unit": "px",
                                                    "top": "30",
                                                    "right": "0",
                                                    "bottom": "0",
                                                    "left": "0",
                                                    "isLinked": false
                                                },
                                                "ekit_socialshare_list_border_radius": {
                                                    "unit": "%",
                                                    "top": "0",
                                                    "right": "0",
                                                    "bottom": "0",
                                                    "left": "0",
                                                    "isLinked": true
                                                }
                                            },
                                            "elements": [],
                                            "isInner": false,
                                            "widgetType": "elementskit-social-share",
                                            "elType": "widget"
                                        }
                                    ],
                                    "isInner": true,
                                    "elType": "column"
                                }
                            ],
                            "isInner": true,
                            "elType": "section"
                        },
                        {
                            "id": "4d6bb9be",
                            "settings": {
                                "content_width": {
                                    "unit": "px",
                                    "size": 1200,
                                    "sizes": []
                                },
                                "margin": {
                                    "unit": "px",
                                    "top": "0",
                                    "right": 0,
                                    "bottom": "20",
                                    "left": 0,
                                    "isLinked": false
                                }
                            },
                            "elements": [
                                {
                                    "id": "3a0c64ee",
                                    "settings": {
                                        "_column_size": 100,
                                        "_inline_size": null,
                                        "padding": {
                                            "unit": "px",
                                            "top": "0",
                                            "right": "0",
                                            "bottom": "0",
                                            "left": "0",
                                            "isLinked": false
                                        }
                                    },
                                    "elements": [
                                        {
                                            "id": "1791474c",
                                            "settings": {
                                                "title": "Project Overviews",
                                                "header_size": "h3",
                                                "__globals__": {
                                                    "typography_typography": "globals\/typography?id=69c03c3"
                                                }
                                            },
                                            "elements": [],
                                            "isInner": false,
                                            "widgetType": "heading",
                                            "elType": "widget"
                                        },
                                        {
                                            "id": "1fa97916",
                                            "settings": {
                                                "editor": "<p>Sed mollis tellus nulla, et sodales tortor efficitur id. Cras accumsan scelerisque lacus vehicula egestas. Curabitur ac rutrum augue. Sed sed nisi turpis. Quisque id ullamcorper erat. Vivamus maximus congue sem non finibus. In hac habitasse platea dictumst. Nunc cursus, magna eu placerat tincidunt, nulla augue tincidunt magna, vitae facilisis mi velit et ex. Donec tincidunt, turpis sed placerat placerat, est felis bibendum elit, a feugiat dui arcu non nisl.<\/p>"
                                            },
                                            "elements": [],
                                            "isInner": false,
                                            "widgetType": "text-editor",
                                            "elType": "widget"
                                        }
                                    ],
                                    "isInner": true,
                                    "elType": "column"
                                }
                            ],
                            "isInner": true,
                            "elType": "section"
                        },
                        {
                            "id": "14e72dd",
                            "settings": {
                                "content_width": {
                                    "unit": "px",
                                    "size": 1200,
                                    "sizes": []
                                },
                                "structure": "20"
                            },
                            "elements": [
                                {
                                    "id": "1fc138d0",
                                    "settings": {
                                        "_column_size": 50,
                                        "_inline_size": null,
                                        "margin_mobile": {
                                            "unit": "px",
                                            "top": "0",
                                            "right": "0",
                                            "bottom": "40",
                                            "left": "0",
                                            "isLinked": false
                                        },
                                        "padding": {
                                            "unit": "px",
                                            "top": "0",
                                            "right": "0",
                                            "bottom": "0",
                                            "left": "0",
                                            "isLinked": false
                                        }
                                    },
                                    "elements": [
                                        {
                                            "id": "7a437ba3",
                                            "settings": {
                                                "title": "Step by Step Projects",
                                                "header_size": "h3",
                                                "__globals__": {
                                                    "typography_typography": "globals\/typography?id=69c03c3"
                                                }
                                            },
                                            "elements": [],
                                            "isInner": false,
                                            "widgetType": "heading",
                                            "elType": "widget"
                                        },
                                        {
                                            "id": "2e98d94c",
                                            "settings": {
                                                "editor": "<p>Aliquam pellentesque, tortor vitae faucibus tincidunt, purus odio fermentum ipsum, vel aliquet nisi dui vitae risus. Aliquam mollis, lorem ut elementum sagittis, ligula nulla ornare lorem, in pulvinar nulla turpis ac massa.<\/p>",
                                                "_margin": {
                                                    "unit": "px",
                                                    "top": "0",
                                                    "right": "0",
                                                    "bottom": "-15",
                                                    "left": "0",
                                                    "isLinked": false
                                                }
                                            },
                                            "elements": [],
                                            "isInner": false,
                                            "widgetType": "text-editor",
                                            "elType": "widget"
                                        },
                                        {
                                            "id": "3e77dfcf",
                                            "settings": {
                                                "icon_list": [
                                                    {
                                                        "text": "Etiam ante magna, posuere sit amet quam id",
                                                        "selected_icon": {
                                                            "value": "fas fa-circle",
                                                            "library": "fa-solid"
                                                        },
                                                        "_id": "5114b4b"
                                                    },
                                                    {
                                                        "text": "Vivamus maximus lorem in augue vulputate",
                                                        "selected_icon": {
                                                            "value": "fas fa-circle",
                                                            "library": "fa-solid"
                                                        },
                                                        "_id": "6da7e40"
                                                    },
                                                    {
                                                        "text": "Nullam quis sapien fermentum, sagittis est vel",
                                                        "selected_icon": {
                                                            "value": "fas fa-circle",
                                                            "library": "fa-solid"
                                                        },
                                                        "_id": "870f7fe"
                                                    },
                                                    {
                                                        "text": "Praesent vulputate magna vel leo commodo",
                                                        "selected_icon": {
                                                            "value": "fas fa-circle",
                                                            "library": "fa-solid"
                                                        },
                                                        "_id": "55c6315"
                                                    }
                                                ],
                                                "space_between": {
                                                    "unit": "px",
                                                    "size": 7,
                                                    "sizes": []
                                                },
                                                "icon_size": {
                                                    "unit": "px",
                                                    "size": 7,
                                                    "sizes": []
                                                },
                                                "text_indent": {
                                                    "unit": "px",
                                                    "size": 10,
                                                    "sizes": []
                                                },
                                                "_margin": {
                                                    "unit": "px",
                                                    "top": "0",
                                                    "right": "0",
                                                    "bottom": "0",
                                                    "left": "0",
                                                    "isLinked": false
                                                },
                                                "__globals__": {
                                                    "icon_color": "globals\/colors?id=accent",
                                                    "text_color_hover": "globals\/colors?id=text",
                                                    "text_color": "globals\/colors?id=text"
                                                },
                                                "_animation": "fadeIn",
                                                "_animation_delay": 600
                                            },
                                            "elements": [],
                                            "isInner": false,
                                            "widgetType": "icon-list",
                                            "elType": "widget"
                                        }
                                    ],
                                    "isInner": true,
                                    "elType": "column"
                                },
                                {
                                    "id": "56bebb46",
                                    "settings": {
                                        "_column_size": 50,
                                        "_inline_size": null,
                                        "content_position": "center",
                                        "background_background": "classic",
                                        "background_image": {
                                            "url": "http:\/\/askproject.net\/limma\/wp-content\/uploads\/sites\/97\/2022\/09\/young-female-student-making-notes-in-copybook-whil-G2GHN6Y.jpg",
                                            "id": 811,
                                            "alt": "",
                                            "source": "library"
                                        },
                                        "background_position": "center center",
                                        "background_size": "cover",
                                        "margin": {
                                            "unit": "px",
                                            "top": "0",
                                            "right": "0",
                                            "bottom": "0",
                                            "left": "50",
                                            "isLinked": false
                                        },
                                        "margin_mobile": {
                                            "unit": "px",
                                            "top": "0",
                                            "right": "0",
                                            "bottom": "0",
                                            "left": "0",
                                            "isLinked": false
                                        },
                                        "padding": {
                                            "unit": "px",
                                            "top": "0",
                                            "right": "0",
                                            "bottom": "0",
                                            "left": "0",
                                            "isLinked": false
                                        },
                                        "padding_mobile": {
                                            "unit": "px",
                                            "top": "120",
                                            "right": "0",
                                            "bottom": "120",
                                            "left": "0",
                                            "isLinked": false
                                        }
                                    },
                                    "elements": [
                                        {
                                            "id": "65c5f5ca",
                                            "settings": {
                                                "ekit_video_popup_button_title": "Play Video",
                                                "ekit_video_popup_button_icons": {
                                                    "value": "icon icon-play-button",
                                                    "library": "ekiticons"
                                                },
                                                "ekit_video_popup_video_glow": "",
                                                "ekit_video_popup_url": "https:\/\/www.youtube.com",
                                                "ekit_video_popup_text_padding": {
                                                    "unit": "px",
                                                    "top": "0",
                                                    "right": "0",
                                                    "bottom": "0",
                                                    "left": "5",
                                                    "isLinked": false
                                                },
                                                "ekit_video_popup_icon_size": {
                                                    "unit": "px",
                                                    "size": 28,
                                                    "sizes": []
                                                },
                                                "ekit_video_popup_icon_size_mobile": {
                                                    "unit": "px",
                                                    "size": 24,
                                                    "sizes": []
                                                },
                                                "ekit_video_popup_btn_width": {
                                                    "unit": "px",
                                                    "size": 85,
                                                    "sizes": []
                                                },
                                                "ekit_video_popup_btn_width_mobile": {
                                                    "unit": "px",
                                                    "size": 70,
                                                    "sizes": []
                                                },
                                                "ekit_video_popup_btn_height": {
                                                    "unit": "px",
                                                    "size": 85,
                                                    "sizes": []
                                                },
                                                "ekit_video_popup_btn_height_mobile": {
                                                    "unit": "px",
                                                    "size": 70,
                                                    "sizes": []
                                                },
                                                "ekit_video_popup_btn_line_height": {
                                                    "unit": "px",
                                                    "size": 101,
                                                    "sizes": []
                                                },
                                                "ekit_video_popup_btn_line_height_mobile": {
                                                    "unit": "px",
                                                    "size": 82,
                                                    "sizes": []
                                                },
                                                "ekit_video_popup_btn_bg_color_background": "classic",
                                                "ekit_video_popup_btn_bg_color_color": "#02010100",
                                                "ekit_video_popup_btn_bg_hover_color_background": "classic",
                                                "ekit_video_popup_btn_border_style": "solid",
                                                "ekit_video_popup_btn_border_dimensions": {
                                                    "unit": "px",
                                                    "top": "1",
                                                    "right": "1",
                                                    "bottom": "1",
                                                    "left": "1",
                                                    "isLinked": true
                                                },
                                                "__globals__": {
                                                    "ekit_video_popup_btn_typography_typography": "globals\/typography?id=accent",
                                                    "ekit_video_popup_btn_border_color": "globals\/colors?id=accent",
                                                    "ekit_video_popup_btn_hover_color": "globals\/colors?id=4ed0f42",
                                                    "ekit_video_popup_btn_bg_hover_color_color": "globals\/colors?id=accent"
                                                }
                                            },
                                            "elements": [],
                                            "isInner": false,
                                            "widgetType": "elementskit-video",
                                            "elType": "widget"
                                        }
                                    ],
                                    "isInner": true,
                                    "elType": "column"
                                }
                            ],
                            "isInner": true,
                            "elType": "section"
                        }
                    ],
                    "isInner": false,
                    "elType": "column"
                }
            ],
            "isInner": false,
            "elType": "section"
        }
    ],
    "page_settings": {
        "hide_title": "yes",
        "template": "elementor_header_footer"
    }
}