{
    "version": "0.4",
    "title": "Service Detail",
    "type": "page",
    "metadata": {
        "template_type": "single-page",
        "include_in_zip": "1",
        "elementor_pro_required": null,
        "wp_page_template": "elementor_header_footer"
    },
    "content": [
        {
            "id": "7ecf1367",
            "settings": {
                "content_width": {
                    "unit": "px",
                    "size": 1200,
                    "sizes": []
                },
                "height": "min-height",
                "custom_height": {
                    "unit": "vh",
                    "size": 40,
                    "sizes": []
                },
                "custom_height_tablet": {
                    "unit": "vh",
                    "size": 35,
                    "sizes": []
                },
                "custom_height_mobile": {
                    "unit": "vh",
                    "size": 30,
                    "sizes": []
                },
                "border_border": "solid",
                "border_width": {
                    "unit": "px",
                    "top": "1",
                    "right": "0",
                    "bottom": "1",
                    "left": "0",
                    "isLinked": false
                },
                "border_color": "#FFFFFF26",
                "padding_tablet": {
                    "unit": "px",
                    "top": "0",
                    "right": "30",
                    "bottom": "0",
                    "left": "30",
                    "isLinked": false
                },
                "padding_mobile": {
                    "unit": "px",
                    "top": "0",
                    "right": "20",
                    "bottom": "0",
                    "left": "20",
                    "isLinked": false
                }
            },
            "elements": [
                {
                    "id": "667d9106",
                    "settings": {
                        "_column_size": 100,
                        "_inline_size": null,
                        "padding": {
                            "unit": "px",
                            "top": "0",
                            "right": "0",
                            "bottom": "0",
                            "left": "0",
                            "isLinked": false
                        }
                    },
                    "elements": [
                        {
                            "id": "e683f75",
                            "settings": {
                                "title": "Service Details",
                                "align": "center",
                                "_margin": {
                                    "unit": "px",
                                    "top": "-5",
                                    "right": "0",
                                    "bottom": "-10",
                                    "left": "0",
                                    "isLinked": false
                                },
                                "_animation": "fadeIn",
                                "__globals__": {
                                    "typography_typography": "globals\/typography?id=secondary"
                                }
                            },
                            "elements": [],
                            "isInner": false,
                            "widgetType": "heading",
                            "elType": "widget"
                        },
                        {
                            "id": "1fed564c",
                            "settings": {
                                "view": "inline",
                                "icon_list": [
                                    {
                                        "text": "Home",
                                        "selected_icon": {
                                            "value": "",
                                            "library": ""
                                        },
                                        "_id": "b9a7c39",
                                        "link": {
                                            "url": "#",
                                            "is_external": "",
                                            "nofollow": "",
                                            "custom_attributes": ""
                                        }
                                    },
                                    {
                                        "text": "Services",
                                        "selected_icon": {
                                            "value": "icon icon-right-arrow",
                                            "library": "ekiticons"
                                        },
                                        "_id": "8ff9eea"
                                    }
                                ],
                                "space_between": {
                                    "unit": "px",
                                    "size": 15,
                                    "sizes": []
                                },
                                "icon_align": "center",
                                "icon_size": {
                                    "unit": "px",
                                    "size": 15,
                                    "sizes": []
                                },
                                "text_indent": {
                                    "unit": "px",
                                    "size": 15,
                                    "sizes": []
                                },
                                "_margin": {
                                    "unit": "px",
                                    "top": "0",
                                    "right": "0",
                                    "bottom": "0",
                                    "left": "-15",
                                    "isLinked": false
                                },
                                "_animation": "fadeIn",
                                "_animation_delay": 200,
                                "__globals__": {
                                    "icon_color": "globals\/colors?id=accent",
                                    "icon_typography_typography": "globals\/typography?id=accent",
                                    "text_color": "globals\/colors?id=text",
                                    "text_color_hover": "globals\/colors?id=accent"
                                }
                            },
                            "elements": [],
                            "isInner": false,
                            "widgetType": "icon-list",
                            "elType": "widget"
                        }
                    ],
                    "isInner": false,
                    "elType": "column"
                }
            ],
            "isInner": false,
            "elType": "section"
        },
        {
            "id": "11ccda1b",
            "settings": {
                "content_width": {
                    "unit": "px",
                    "size": 1200,
                    "sizes": []
                },
                "structure": "20",
                "padding": {
                    "unit": "px",
                    "top": "100",
                    "right": "0",
                    "bottom": "100",
                    "left": "0",
                    "isLinked": false
                },
                "padding_tablet": {
                    "unit": "px",
                    "top": "70",
                    "right": "30",
                    "bottom": "70",
                    "left": "30",
                    "isLinked": false
                },
                "padding_mobile": {
                    "unit": "px",
                    "top": "60",
                    "right": "20",
                    "bottom": "60",
                    "left": "20",
                    "isLinked": false
                },
                "transparent": "",
                "transparent_on": [
                    "desktop",
                    "tablet",
                    "mobile"
                ],
                "scroll_distance": {
                    "unit": "px",
                    "size": 60,
                    "sizes": []
                },
                "scroll_distance_tablet": {
                    "unit": "px",
                    "size": "",
                    "sizes": []
                },
                "scroll_distance_mobile": {
                    "unit": "px",
                    "size": "",
                    "sizes": []
                },
                "transparent_header_show": "",
                "background_show": "",
                "background": "",
                "bottom_border": "",
                "custom_bottom_border_color": "",
                "custom_bottom_border_width": {
                    "unit": "px",
                    "size": 0,
                    "sizes": []
                },
                "custom_bottom_border_width_tablet": {
                    "unit": "px",
                    "size": "",
                    "sizes": []
                },
                "custom_bottom_border_width_mobile": {
                    "unit": "px",
                    "size": "",
                    "sizes": []
                },
                "shrink_header": "",
                "custom_height_header": {
                    "unit": "px",
                    "size": 70,
                    "sizes": []
                },
                "custom_height_header_tablet": {
                    "unit": "px",
                    "size": "",
                    "sizes": []
                },
                "custom_height_header_mobile": {
                    "unit": "px",
                    "size": "",
                    "sizes": []
                },
                "shrink_header_logo": "",
                "custom_height_header_logo": {
                    "unit": "px",
                    "size": 70,
                    "sizes": []
                },
                "custom_height_header_logo_tablet": {
                    "unit": "px",
                    "size": "",
                    "sizes": []
                },
                "custom_height_header_logo_mobile": {
                    "unit": "px",
                    "size": "",
                    "sizes": []
                },
                "change_logo_color": "",
                "logo_color_white_before": "",
                "logo_color_black_before": "",
                "logo_color_white_after": "",
                "logo_color_black_after": "",
                "logo_color_full_after": "",
                "blur_bg": "",
                "hide_header": "",
                "scroll_distance_hide_header": {
                    "unit": "px",
                    "size": 500,
                    "sizes": []
                },
                "scroll_distance_hide_header_tablet": {
                    "unit": "px",
                    "size": "",
                    "sizes": []
                },
                "scroll_distance_hide_header_mobile": {
                    "unit": "px",
                    "size": "",
                    "sizes": []
                }
            },
            "elements": [
                {
                    "id": "46ec93a5",
                    "settings": {
                        "_column_size": 50,
                        "_inline_size": 70,
                        "padding": {
                            "unit": "px",
                            "top": "0",
                            "right": "30",
                            "bottom": "0",
                            "left": "0",
                            "isLinked": false
                        },
                        "_inline_size_tablet": 100,
                        "padding_tablet": {
                            "unit": "px",
                            "top": "0",
                            "right": "0",
                            "bottom": "30",
                            "left": "0",
                            "isLinked": false
                        },
                        "padding_mobile": {
                            "unit": "px",
                            "top": "0",
                            "right": "0",
                            "bottom": "20",
                            "left": "0",
                            "isLinked": false
                        }
                    },
                    "elements": [
                        {
                            "id": "7275bd13",
                            "settings": {
                                "editor": "<p>Our Service<\/p>",
                                "align": "left",
                                "_margin": {
                                    "unit": "px",
                                    "top": "0",
                                    "right": "0",
                                    "bottom": "-15",
                                    "left": "0",
                                    "isLinked": false
                                },
                                "__globals__": {
                                    "typography_typography": "globals\/typography?id=e22fc20",
                                    "text_color": "globals\/colors?id=primary"
                                },
                                "align_mobile": "left",
                                "_animation": "fadeIn"
                            },
                            "elements": [],
                            "isInner": false,
                            "widgetType": "text-editor",
                            "elType": "widget"
                        },
                        {
                            "id": "284960ca",
                            "settings": {
                                "title": "Data Analysis Service",
                                "align": "left",
                                "__globals__": {
                                    "typography_typography": "globals\/typography?id=secondary",
                                    "title_color": "globals\/colors?id=primary"
                                },
                                "align_mobile": "left",
                                "_margin": {
                                    "unit": "px",
                                    "top": "0",
                                    "right": "0",
                                    "bottom": "0",
                                    "left": "0",
                                    "isLinked": false
                                },
                                "_margin_tablet": {
                                    "unit": "px",
                                    "top": "0",
                                    "right": "0",
                                    "bottom": "0",
                                    "left": "0",
                                    "isLinked": false
                                },
                                "_margin_mobile": {
                                    "unit": "px",
                                    "top": "0",
                                    "right": "0",
                                    "bottom": "0",
                                    "left": "0",
                                    "isLinked": false
                                },
                                "_animation_delay": 200,
                                "_animation": "fadeIn"
                            },
                            "elements": [],
                            "isInner": false,
                            "widgetType": "heading",
                            "elType": "widget"
                        },
                        {
                            "id": "6498cc9a",
                            "settings": {
                                "editor": "<p><em>\"Lorem ipsum dolor sit amet, consectetur adipiscing elit. Nullam viverra eget massa ut mattis. Sed eget molestie lacus. Vivamus vulputate in eros vitae tempor\"<\/em><\/p>",
                                "_margin": {
                                    "unit": "px",
                                    "top": "0",
                                    "right": "0",
                                    "bottom": "-15",
                                    "left": "0",
                                    "isLinked": false
                                },
                                "_margin_mobile": {
                                    "unit": "px",
                                    "top": "0",
                                    "right": "0",
                                    "bottom": "-15",
                                    "left": "0",
                                    "isLinked": false
                                },
                                "_animation_delay": 400,
                                "align_tablet": "left",
                                "__globals__": {
                                    "typography_typography": "globals\/typography?id=f21a2dc",
                                    "text_color": "globals\/colors?id=primary"
                                }
                            },
                            "elements": [],
                            "isInner": false,
                            "widgetType": "text-editor",
                            "elType": "widget"
                        },
                        {
                            "id": "7a2876a9",
                            "settings": {
                                "editor": "<p>Cras eu quam eu leo dapibus placerat. Pellentesque vel felis mattis diam viverra efficitur. Integer malesuada tellus eu nulla facilisis malesuada. Cras ac nibh id diam laoreet consectetur. Maecenas imperdiet erat justo, eu mattis libero porttitor at. Maecenas nec nunc orci. Donec eleifend augue leo, sed luctus felis sagittis a. Donec quis odio accumsan, elementum velit at, lobortis tortor. Nam imperdiet convallis diam. Sed efficitur metus quis orci interdum fringilla. Cras ex augue, posuere nec erat quis, rhoncus pharetra neque. Phasellus eget odio a turpis finibus convallis vitae non ante. Nam quis sem eu magna consequat venenatis lacinia vel tortor.<\/p>"
                            },
                            "elements": [],
                            "isInner": false,
                            "widgetType": "text-editor",
                            "elType": "widget"
                        },
                        {
                            "id": "2e3f7368",
                            "settings": {
                                "structure": "20",
                                "margin": {
                                    "unit": "px",
                                    "top": "0",
                                    "right": 0,
                                    "bottom": "30",
                                    "left": 0,
                                    "isLinked": false
                                },
                                "transparent": "",
                                "transparent_on": [
                                    "desktop",
                                    "tablet",
                                    "mobile"
                                ],
                                "scroll_distance": {
                                    "unit": "px",
                                    "size": 60,
                                    "sizes": []
                                },
                                "scroll_distance_tablet": {
                                    "unit": "px",
                                    "size": "",
                                    "sizes": []
                                },
                                "scroll_distance_mobile": {
                                    "unit": "px",
                                    "size": "",
                                    "sizes": []
                                },
                                "transparent_header_show": "",
                                "background_show": "",
                                "background": "",
                                "bottom_border": "",
                                "custom_bottom_border_color": "",
                                "custom_bottom_border_width": {
                                    "unit": "px",
                                    "size": 0,
                                    "sizes": []
                                },
                                "custom_bottom_border_width_tablet": {
                                    "unit": "px",
                                    "size": "",
                                    "sizes": []
                                },
                                "custom_bottom_border_width_mobile": {
                                    "unit": "px",
                                    "size": "",
                                    "sizes": []
                                },
                                "shrink_header": "",
                                "custom_height_header": {
                                    "unit": "px",
                                    "size": 70,
                                    "sizes": []
                                },
                                "custom_height_header_tablet": {
                                    "unit": "px",
                                    "size": "",
                                    "sizes": []
                                },
                                "custom_height_header_mobile": {
                                    "unit": "px",
                                    "size": "",
                                    "sizes": []
                                },
                                "shrink_header_logo": "",
                                "custom_height_header_logo": {
                                    "unit": "px",
                                    "size": 70,
                                    "sizes": []
                                },
                                "custom_height_header_logo_tablet": {
                                    "unit": "px",
                                    "size": "",
                                    "sizes": []
                                },
                                "custom_height_header_logo_mobile": {
                                    "unit": "px",
                                    "size": "",
                                    "sizes": []
                                },
                                "change_logo_color": "",
                                "logo_color_white_before": "",
                                "logo_color_black_before": "",
                                "logo_color_white_after": "",
                                "logo_color_black_after": "",
                                "logo_color_full_after": "",
                                "blur_bg": "",
                                "hide_header": "",
                                "scroll_distance_hide_header": {
                                    "unit": "px",
                                    "size": 500,
                                    "sizes": []
                                },
                                "scroll_distance_hide_header_tablet": {
                                    "unit": "px",
                                    "size": "",
                                    "sizes": []
                                },
                                "scroll_distance_hide_header_mobile": {
                                    "unit": "px",
                                    "size": "",
                                    "sizes": []
                                }
                            },
                            "elements": [
                                {
                                    "id": "5b2ffda0",
                                    "settings": {
                                        "_column_size": 50,
                                        "_inline_size": 55,
                                        "_inline_size_tablet": 50,
                                        "content_position": "center",
                                        "background_background": "classic",
                                        "background_image": {
                                            "url": "http:\/\/askproject.net\/limma\/wp-content\/uploads\/sites\/97\/2022\/09\/cropped-image-of-business-people-strategizing-with-G5MYV9G.jpg",
                                            "id": 913,
                                            "alt": "",
                                            "source": "library"
                                        },
                                        "background_position": "center left",
                                        "background_size": "cover",
                                        "margin_mobile": {
                                            "unit": "px",
                                            "top": "0",
                                            "right": "0",
                                            "bottom": "20",
                                            "left": "0",
                                            "isLinked": false
                                        },
                                        "padding_mobile": {
                                            "unit": "px",
                                            "top": "120",
                                            "right": "0",
                                            "bottom": "120",
                                            "left": "0",
                                            "isLinked": false
                                        }
                                    },
                                    "elements": [
                                        {
                                            "id": "2cfabf12",
                                            "settings": {
                                                "ekit_video_popup_button_title": "Play Video",
                                                "ekit_video_popup_button_icons": {
                                                    "value": "icon icon-play-button",
                                                    "library": "ekiticons"
                                                },
                                                "ekit_video_popup_video_glow": "",
                                                "ekit_video_popup_url": "https:\/\/www.youtube.com",
                                                "ekit_video_popup_text_padding": {
                                                    "unit": "px",
                                                    "top": "0",
                                                    "right": "0",
                                                    "bottom": "0",
                                                    "left": "4",
                                                    "isLinked": false
                                                },
                                                "ekit_video_popup_icon_size": {
                                                    "unit": "px",
                                                    "size": 28,
                                                    "sizes": []
                                                },
                                                "ekit_video_popup_icon_size_mobile": {
                                                    "unit": "px",
                                                    "size": 24,
                                                    "sizes": []
                                                },
                                                "ekit_video_popup_btn_width": {
                                                    "unit": "px",
                                                    "size": 80,
                                                    "sizes": []
                                                },
                                                "ekit_video_popup_btn_width_mobile": {
                                                    "unit": "px",
                                                    "size": 70,
                                                    "sizes": []
                                                },
                                                "ekit_video_popup_btn_height": {
                                                    "unit": "px",
                                                    "size": 80,
                                                    "sizes": []
                                                },
                                                "ekit_video_popup_btn_height_mobile": {
                                                    "unit": "px",
                                                    "size": 70,
                                                    "sizes": []
                                                },
                                                "ekit_video_popup_btn_line_height": {
                                                    "unit": "px",
                                                    "size": 94,
                                                    "sizes": []
                                                },
                                                "ekit_video_popup_btn_line_height_mobile": {
                                                    "unit": "px",
                                                    "size": 82,
                                                    "sizes": []
                                                },
                                                "ekit_video_popup_btn_bg_color_background": "classic",
                                                "ekit_video_popup_btn_bg_color_color": "#02010100",
                                                "ekit_video_popup_btn_bg_hover_color_background": "classic",
                                                "ekit_video_popup_btn_border_style": "solid",
                                                "ekit_video_popup_btn_border_dimensions": {
                                                    "unit": "px",
                                                    "top": "1",
                                                    "right": "1",
                                                    "bottom": "1",
                                                    "left": "1",
                                                    "isLinked": true
                                                },
                                                "__globals__": {
                                                    "ekit_video_popup_btn_typography_typography": "globals\/typography?id=accent",
                                                    "ekit_video_popup_btn_border_color": "globals\/colors?id=primary",
                                                    "ekit_video_popup_btn_hover_color": "globals\/colors?id=accent",
                                                    "ekit_video_popup_btn_bg_hover_color_color": "globals\/colors?id=primary"
                                                }
                                            },
                                            "elements": [],
                                            "isInner": false,
                                            "widgetType": "elementskit-video",
                                            "elType": "widget"
                                        }
                                    ],
                                    "isInner": true,
                                    "elType": "column"
                                },
                                {
                                    "id": "8222677",
                                    "settings": {
                                        "_column_size": 50,
                                        "_inline_size": 45,
                                        "_inline_size_tablet": 50,
                                        "padding": {
                                            "unit": "px",
                                            "top": "0",
                                            "right": "0",
                                            "bottom": "0",
                                            "left": "30",
                                            "isLinked": false
                                        },
                                        "padding_mobile": {
                                            "unit": "px",
                                            "top": "0",
                                            "right": "0",
                                            "bottom": "0",
                                            "left": "0",
                                            "isLinked": false
                                        }
                                    },
                                    "elements": [
                                        {
                                            "id": "465b7669",
                                            "settings": {
                                                "image": {
                                                    "url": "http:\/\/askproject.net\/limma\/wp-content\/uploads\/sites\/97\/2022\/09\/young-confident-businesswoman-making-notes-while-w-YXQRWD6.jpg",
                                                    "id": 812,
                                                    "alt": "",
                                                    "source": "library"
                                                },
                                                "_margin": {
                                                    "unit": "px",
                                                    "top": "0",
                                                    "right": "0",
                                                    "bottom": "10",
                                                    "left": "0",
                                                    "isLinked": false
                                                },
                                                "_margin_mobile": {
                                                    "unit": "px",
                                                    "top": "0",
                                                    "right": "0",
                                                    "bottom": "0",
                                                    "left": "0",
                                                    "isLinked": false
                                                }
                                            },
                                            "elements": [],
                                            "isInner": false,
                                            "widgetType": "image",
                                            "elType": "widget"
                                        },
                                        {
                                            "id": "44c06884",
                                            "settings": {
                                                "image": {
                                                    "url": "http:\/\/askproject.net\/limma\/wp-content\/uploads\/sites\/97\/2022\/09\/smiley-gentleman-standing-in-doorway-of-an-office-94TUFS4.jpg",
                                                    "id": 809,
                                                    "alt": "",
                                                    "source": "library"
                                                }
                                            },
                                            "elements": [],
                                            "isInner": false,
                                            "widgetType": "image",
                                            "elType": "widget"
                                        }
                                    ],
                                    "isInner": true,
                                    "elType": "column"
                                }
                            ],
                            "isInner": true,
                            "elType": "section"
                        },
                        {
                            "id": "486c93b1",
                            "settings": {
                                "title": "This is how we work",
                                "header_size": "h3",
                                "__globals__": {
                                    "typography_typography": "globals\/typography?id=69c03c3"
                                }
                            },
                            "elements": [],
                            "isInner": false,
                            "widgetType": "heading",
                            "elType": "widget"
                        },
                        {
                            "id": "7151f97",
                            "settings": {
                                "editor": "<p>Sed mollis tellus nulla, et sodales tortor efficitur id. Cras accumsan scelerisque lacus vehicula egestas. Curabitur ac rutrum augue. Sed sed nisi turpis. Quisque id ullamcorper erat. Vivamus maximus congue sem non finibus. In hac habitasse platea dictumst. Nunc cursus, magna eu placerat tincidunt, nulla augue tincidunt magna, vitae facilisis mi velit et ex.<\/p>",
                                "_margin": {
                                    "unit": "px",
                                    "top": "0",
                                    "right": "0",
                                    "bottom": "-15",
                                    "left": "0",
                                    "isLinked": false
                                }
                            },
                            "elements": [],
                            "isInner": false,
                            "widgetType": "text-editor",
                            "elType": "widget"
                        },
                        {
                            "id": "1d7a52d5",
                            "settings": {
                                "icon_list": [
                                    {
                                        "text": "Aenean elit massa, pharetra eu lectus in, accumsan molestie mi.",
                                        "selected_icon": {
                                            "value": "icon icon-check",
                                            "library": "ekiticons"
                                        },
                                        "_id": "27faebc"
                                    },
                                    {
                                        "text": "Mauris rhoncus eget mauris id commodo.",
                                        "selected_icon": {
                                            "value": "icon icon-check",
                                            "library": "ekiticons"
                                        },
                                        "_id": "b50497a"
                                    },
                                    {
                                        "text": "Fusce ut turpis porta, cursus est non, pulvinar sem. Praesent euismod.",
                                        "selected_icon": {
                                            "value": "icon icon-check",
                                            "library": "ekiticons"
                                        },
                                        "_id": "62ea391"
                                    },
                                    {
                                        "text": "Pellentesque efficitur nisl nec hendrerit ullamcorper. Donec placerat.",
                                        "selected_icon": {
                                            "value": "icon icon-check",
                                            "library": "ekiticons"
                                        },
                                        "_id": "17f501a"
                                    }
                                ],
                                "space_between": {
                                    "unit": "px",
                                    "size": 5,
                                    "sizes": []
                                },
                                "text_indent": {
                                    "unit": "px",
                                    "size": 10,
                                    "sizes": []
                                },
                                "__globals__": {
                                    "text_color": "globals\/colors?id=text",
                                    "icon_color": "globals\/colors?id=accent"
                                },
                                "icon_align_mobile": "left",
                                "_margin": {
                                    "unit": "px",
                                    "top": "0",
                                    "right": "0",
                                    "bottom": "20",
                                    "left": "0",
                                    "isLinked": false
                                }
                            },
                            "elements": [],
                            "isInner": false,
                            "widgetType": "icon-list",
                            "elType": "widget"
                        },
                        {
                            "id": "50c605d",
                            "settings": {
                                "carousel": [
                                    {
                                        "id": 810,
                                        "url": "http:\/\/askproject.net\/limma\/wp-content\/uploads\/sites\/97\/2022\/09\/digital-tablet-mockup-967A99B.jpg"
                                    },
                                    {
                                        "id": 814,
                                        "url": "http:\/\/askproject.net\/limma\/wp-content\/uploads\/sites\/97\/2022\/09\/young-man-drinking-coffee-at-office-desk-3926DV7.jpg"
                                    },
                                    {
                                        "id": 981,
                                        "url": "http:\/\/askproject.net\/limma\/wp-content\/uploads\/sites\/97\/2022\/09\/businesswoman-with-laptop-at-office-NVPWG6A.jpg"
                                    }
                                ],
                                "thumbnail_size": "large",
                                "slides_to_show": "2",
                                "slides_to_show_tablet": "2",
                                "slides_to_scroll": "1",
                                "navigation": "none",
                                "arrows_size": {
                                    "unit": "px",
                                    "size": 20,
                                    "sizes": []
                                },
                                "image_spacing": "custom",
                                "__globals__": {
                                    "arrows_color": "globals\/colors?id=secondary"
                                },
                                "_margin_mobile": {
                                    "unit": "px",
                                    "top": "0",
                                    "right": "0",
                                    "bottom": "-5",
                                    "left": "0",
                                    "isLinked": false
                                },
                                "_margin": {
                                    "unit": "px",
                                    "top": "0",
                                    "right": "0",
                                    "bottom": "10",
                                    "left": "0",
                                    "isLinked": false
                                }
                            },
                            "elements": [],
                            "isInner": false,
                            "widgetType": "image-carousel",
                            "elType": "widget"
                        },
                        {
                            "id": "7d6d4475",
                            "settings": {
                                "title": "Frequently Asked Questions",
                                "header_size": "h3",
                                "__globals__": {
                                    "typography_typography": "globals\/typography?id=69c03c3"
                                }
                            },
                            "elements": [],
                            "isInner": false,
                            "widgetType": "heading",
                            "elType": "widget"
                        },
                        {
                            "id": "65f5b704",
                            "settings": {
                                "editor": "<p>Lorem ipsum dolor sit amet, consectetur adipi scing elit. Ut elit tellus, luctus nec ullamcorper mattis, pulvinar dapibus leo. Vestibulum massa ipsum, mollis sit amet lorem ut.<\/p>"
                            },
                            "elements": [],
                            "isInner": false,
                            "widgetType": "text-editor",
                            "elType": "widget"
                        },
                        {
                            "id": "3d14023",
                            "settings": {
                                "ekit_accordion_items": [
                                    {
                                        "acc_title": "How do I make an agreement with your company?",
                                        "acc_content": "<p>Fusce imperdiet ullamcorper lacus non condimentum. Etiam ante magna, posuere sit amet quam id, ultricies cursus nisl. Vivamus maximus lorem in augue.<\/p>",
                                        "ekit_acc_is_active": "yes",
                                        "_id": "51f4157"
                                    },
                                    {
                                        "acc_title": "What IT support can your company provide?",
                                        "acc_content": "<p>Fusce imperdiet ullamcorper lacus non condimentum. Etiam ante magna, posuere sit amet quam id, ultricies cursus nisl. Vivamus maximus lorem in augue.<\/p>",
                                        "_id": "5174d98"
                                    },
                                    {
                                        "acc_title": "How much do I have to pay for system maintenance?",
                                        "acc_content": "<p>Fusce imperdiet ullamcorper lacus non condimentum. Etiam ante magna, posuere sit amet quam id, ultricies cursus nisl. Vivamus maximus lorem in augue.<\/p>",
                                        "_id": "18c2a43"
                                    },
                                    {
                                        "acc_title": "What payment methods do you provide?",
                                        "acc_content": "<p>Fusce imperdiet ullamcorper lacus non condimentum. Etiam ante magna, posuere sit amet quam id, ultricies cursus nisl. Vivamus maximus lorem in augue.<\/p>",
                                        "_id": "7532247"
                                    }
                                ],
                                "ekit_accordion_right_icon_actives": {
                                    "value": "icon icon-left-arrows",
                                    "library": "ekiticons"
                                },
                                "ekit_accordion_title_color": "#FFFFFF",
                                "ekit_accordion_background_background": "classic",
                                "ekit_accordion_background_color": "#0145FA",
                                "ekit_accordion_title_border_open_border": "solid",
                                "ekit_accordion_title_border_open_width": {
                                    "unit": "px",
                                    "top": "1",
                                    "right": "1",
                                    "bottom": "1",
                                    "left": "1",
                                    "isLinked": true
                                },
                                "ekit_accordion_title_border_open_color": "#0145FA",
                                "ekit_accordion_border_radious_curve_shape_open": {
                                    "unit": "px",
                                    "top": "0",
                                    "right": "0",
                                    "bottom": "0",
                                    "left": "0",
                                    "isLinked": false
                                },
                                "ekit_accordion_title_color_close": "#FFFFFF",
                                "ekit_accordion_background_close_background": "classic",
                                "ekit_accordion_background_close_color": "#02010100",
                                "ekit_accordion_title_border_close_border": "solid",
                                "ekit_accordion_title_border_close_width": {
                                    "unit": "px",
                                    "top": "1",
                                    "right": "1",
                                    "bottom": "1",
                                    "left": "1",
                                    "isLinked": true
                                },
                                "ekit_accordion_title_border_close_color": "#FFFFFF21",
                                "ekit_accordion_title_padding": {
                                    "unit": "px",
                                    "top": "14",
                                    "right": "50",
                                    "bottom": "14",
                                    "left": "25",
                                    "isLinked": false
                                },
                                "ekit_accordion_content_color": "#DEDEDE",
                                "ekit_accordion_content_typography_typography": "custom",
                                "ekit_accordion_content_typography_font_family": "DM Sans",
                                "ekit_accordion_content_typography_font_size": {
                                    "unit": "px",
                                    "size": 15,
                                    "sizes": []
                                },
                                "ekit_accordion_content_typography_font_size_tablet": {
                                    "unit": "px",
                                    "size": 14,
                                    "sizes": []
                                },
                                "ekit_accordion_content_typography_font_size_mobile": {
                                    "unit": "px",
                                    "size": 14,
                                    "sizes": []
                                },
                                "ekit_accordion_content_typography_font_weight": "400",
                                "ekit_accordion_content_typography_text_transform": "none",
                                "ekit_accordion_content_typography_line_height": {
                                    "unit": "em",
                                    "size": 1.8,
                                    "sizes": []
                                },
                                "ekit_accordion_content_typography_letter_spacing": {
                                    "unit": "px",
                                    "size": 0,
                                    "sizes": []
                                },
                                "ekit_accordion_content_border_radious": {
                                    "unit": "px",
                                    "top": "0",
                                    "right": "0",
                                    "bottom": "0",
                                    "left": "0",
                                    "isLinked": false
                                },
                                "ekit_accordion_content_padding": {
                                    "unit": "px",
                                    "top": "30",
                                    "right": "40",
                                    "bottom": "20",
                                    "left": "40",
                                    "isLinked": false
                                },
                                "ekit_accordion_icon_color_close": "#0145FA",
                                "ekit_accordion_icon_typography_close": {
                                    "unit": "px",
                                    "size": 14,
                                    "sizes": []
                                },
                                "ekit_accordion_icon_color": "#141414",
                                "ekit_accordion_icon_typography": {
                                    "unit": "px",
                                    "size": 14,
                                    "sizes": []
                                },
                                "_animation": "fadeIn",
                                "_animation_delay": 600,
                                "__globals__": {
                                    "ekit_accordion_title_typography_typography": "globals\/typography?id=31afeb3",
                                    "ekit_accordion_title_color": "globals\/colors?id=4ed0f42",
                                    "ekit_accordion_background_color": "globals\/colors?id=accent",
                                    "ekit_accordion_title_color_close": "globals\/colors?id=primary",
                                    "ekit_accordion_title_border_open_color": "globals\/colors?id=accent",
                                    "ekit_accordion_content_color": "globals\/colors?id=text",
                                    "ekit_accordion_content_typography_typography": "globals\/typography?id=text",
                                    "ekit_accordion_icon_color_close": "globals\/colors?id=accent",
                                    "ekit_accordion_icon_color": "globals\/colors?id=4ed0f42"
                                }
                            },
                            "elements": [],
                            "isInner": false,
                            "widgetType": "elementskit-accordion",
                            "elType": "widget"
                        }
                    ],
                    "isInner": false,
                    "elType": "column"
                },
                {
                    "id": "4724ee8e",
                    "settings": {
                        "_column_size": 50,
                        "_inline_size": 30,
                        "_inline_size_tablet": 100,
                        "padding": {
                            "unit": "px",
                            "top": "0",
                            "right": "0",
                            "bottom": "0",
                            "left": "0",
                            "isLinked": false
                        }
                    },
                    "elements": [
                        {
                            "id": "519ef13d",
                            "settings": {
                                "margin": {
                                    "unit": "px",
                                    "top": "0",
                                    "right": 0,
                                    "bottom": "30",
                                    "left": 0,
                                    "isLinked": false
                                },
                                "__globals__": {
                                    "background_color": "",
                                    "border_hover_color": "globals\/colors?id=accent"
                                },
                                "background_background": "classic",
                                "margin_tablet": {
                                    "unit": "px",
                                    "top": "0",
                                    "right": 0,
                                    "bottom": "30",
                                    "left": 0,
                                    "isLinked": false
                                },
                                "margin_mobile": {
                                    "unit": "px",
                                    "top": "0",
                                    "right": 0,
                                    "bottom": "20",
                                    "left": 0,
                                    "isLinked": false
                                },
                                "padding": {
                                    "unit": "px",
                                    "top": "40",
                                    "right": "40",
                                    "bottom": "40",
                                    "left": "40",
                                    "isLinked": true
                                },
                                "background_image": {
                                    "url": "",
                                    "id": "",
                                    "alt": "",
                                    "source": "library"
                                },
                                "background_position": "bottom right",
                                "background_size": "cover",
                                "transparent": "",
                                "transparent_on": [
                                    "desktop",
                                    "tablet",
                                    "mobile"
                                ],
                                "scroll_distance": {
                                    "unit": "px",
                                    "size": 60,
                                    "sizes": []
                                },
                                "scroll_distance_tablet": {
                                    "unit": "px",
                                    "size": "",
                                    "sizes": []
                                },
                                "scroll_distance_mobile": {
                                    "unit": "px",
                                    "size": "",
                                    "sizes": []
                                },
                                "transparent_header_show": "",
                                "background_show": "",
                                "background": "",
                                "bottom_border": "",
                                "custom_bottom_border_color": "",
                                "custom_bottom_border_width": {
                                    "unit": "px",
                                    "size": 0,
                                    "sizes": []
                                },
                                "custom_bottom_border_width_tablet": {
                                    "unit": "px",
                                    "size": "",
                                    "sizes": []
                                },
                                "custom_bottom_border_width_mobile": {
                                    "unit": "px",
                                    "size": "",
                                    "sizes": []
                                },
                                "shrink_header": "",
                                "custom_height_header": {
                                    "unit": "px",
                                    "size": 70,
                                    "sizes": []
                                },
                                "custom_height_header_tablet": {
                                    "unit": "px",
                                    "size": "",
                                    "sizes": []
                                },
                                "custom_height_header_mobile": {
                                    "unit": "px",
                                    "size": "",
                                    "sizes": []
                                },
                                "shrink_header_logo": "",
                                "custom_height_header_logo": {
                                    "unit": "px",
                                    "size": 70,
                                    "sizes": []
                                },
                                "custom_height_header_logo_tablet": {
                                    "unit": "px",
                                    "size": "",
                                    "sizes": []
                                },
                                "custom_height_header_logo_mobile": {
                                    "unit": "px",
                                    "size": "",
                                    "sizes": []
                                },
                                "change_logo_color": "",
                                "logo_color_white_before": "",
                                "logo_color_black_before": "",
                                "logo_color_white_after": "",
                                "logo_color_black_after": "",
                                "logo_color_full_after": "",
                                "blur_bg": "",
                                "hide_header": "",
                                "scroll_distance_hide_header": {
                                    "unit": "px",
                                    "size": 500,
                                    "sizes": []
                                },
                                "scroll_distance_hide_header_tablet": {
                                    "unit": "px",
                                    "size": "",
                                    "sizes": []
                                },
                                "scroll_distance_hide_header_mobile": {
                                    "unit": "px",
                                    "size": "",
                                    "sizes": []
                                },
                                "background_color": "#0145FA00",
                                "border_border": "solid",
                                "border_width": {
                                    "unit": "px",
                                    "top": "1",
                                    "right": "1",
                                    "bottom": "1",
                                    "left": "1",
                                    "isLinked": true
                                },
                                "border_color": "#FFFFFF24",
                                "border_hover_border": "solid"
                            },
                            "elements": [
                                {
                                    "id": "70034320",
                                    "settings": {
                                        "_column_size": 100,
                                        "_inline_size": null,
                                        "padding": {
                                            "unit": "px",
                                            "top": "0",
                                            "right": "0",
                                            "bottom": "0",
                                            "left": "0",
                                            "isLinked": false
                                        }
                                    },
                                    "elements": [
                                        {
                                            "id": "42bfeada",
                                            "settings": {
                                                "title": "Service Include",
                                                "header_size": "h4",
                                                "__globals__": {
                                                    "typography_typography": "globals\/typography?id=c6a928b",
                                                    "title_color": ""
                                                },
                                                "_margin": {
                                                    "unit": "px",
                                                    "top": "0",
                                                    "right": "0",
                                                    "bottom": "-10",
                                                    "left": "0",
                                                    "isLinked": false
                                                },
                                                "title_color": "#FFFFFF"
                                            },
                                            "elements": [],
                                            "isInner": false,
                                            "widgetType": "heading",
                                            "elType": "widget"
                                        },
                                        {
                                            "id": "df295c8",
                                            "settings": {
                                                "editor": "<p>Nam velit est, luctus vel porttitor vitae, facilisis quis odio. Mauris ultrices.<\/p>",
                                                "_margin": {
                                                    "unit": "px",
                                                    "top": "0",
                                                    "right": "0",
                                                    "bottom": "-20",
                                                    "left": "0",
                                                    "isLinked": false
                                                },
                                                "text_color": "#F4F4F4"
                                            },
                                            "elements": [],
                                            "isInner": false,
                                            "widgetType": "text-editor",
                                            "elType": "widget"
                                        },
                                        {
                                            "id": "740cad97",
                                            "settings": {
                                                "icon_list": [
                                                    {
                                                        "text": "Free Consultation",
                                                        "selected_icon": {
                                                            "value": "fas fa-circle",
                                                            "library": "fa-solid"
                                                        },
                                                        "_id": "5114b4b"
                                                    },
                                                    {
                                                        "text": "Full Data Analysis",
                                                        "selected_icon": {
                                                            "value": "fas fa-circle",
                                                            "library": "fa-solid"
                                                        },
                                                        "_id": "6da7e40"
                                                    },
                                                    {
                                                        "text": "Maintenance",
                                                        "selected_icon": {
                                                            "value": "fas fa-circle",
                                                            "library": "fa-solid"
                                                        },
                                                        "_id": "870f7fe"
                                                    }
                                                ],
                                                "space_between": {
                                                    "unit": "px",
                                                    "size": 7,
                                                    "sizes": []
                                                },
                                                "icon_size": {
                                                    "unit": "px",
                                                    "size": 7,
                                                    "sizes": []
                                                },
                                                "text_indent": {
                                                    "unit": "px",
                                                    "size": 10,
                                                    "sizes": []
                                                },
                                                "_margin": {
                                                    "unit": "px",
                                                    "top": "0",
                                                    "right": "0",
                                                    "bottom": "0",
                                                    "left": "0",
                                                    "isLinked": false
                                                },
                                                "__globals__": {
                                                    "icon_color": "globals\/colors?id=accent",
                                                    "text_color_hover": "globals\/colors?id=text",
                                                    "text_color": "globals\/colors?id=text"
                                                },
                                                "_animation": "fadeIn",
                                                "_animation_delay": 600
                                            },
                                            "elements": [],
                                            "isInner": false,
                                            "widgetType": "icon-list",
                                            "elType": "widget"
                                        }
                                    ],
                                    "isInner": true,
                                    "elType": "column"
                                }
                            ],
                            "isInner": true,
                            "elType": "section"
                        },
                        {
                            "id": "53ee09a6",
                            "settings": {
                                "background_background": "classic",
                                "background_image": {
                                    "url": "http:\/\/askproject.net\/limma\/wp-content\/uploads\/sites\/97\/2022\/09\/woman-with-digital-tablet-NPB4G7G.jpg",
                                    "id": 813,
                                    "alt": "",
                                    "source": "library"
                                },
                                "background_position": "center center",
                                "background_size": "cover",
                                "padding": {
                                    "unit": "px",
                                    "top": "40",
                                    "right": "40",
                                    "bottom": "40",
                                    "left": "40",
                                    "isLinked": true
                                },
                                "__globals__": {
                                    "background_overlay_color": "globals\/colors?id=secondary",
                                    "background_color": "globals\/colors?id=secondary",
                                    "border_color": "globals\/colors?id=accent",
                                    "border_hover_color": ""
                                },
                                "margin": {
                                    "unit": "px",
                                    "top": "0",
                                    "right": 0,
                                    "bottom": "0",
                                    "left": 0,
                                    "isLinked": false
                                },
                                "background_overlay_background": "classic",
                                "padding_mobile": {
                                    "unit": "px",
                                    "top": "30",
                                    "right": "30",
                                    "bottom": "30",
                                    "left": "30",
                                    "isLinked": true
                                },
                                "background_overlay_image": {
                                    "url": "http:\/\/askproject.net\/pipper\/wp-content\/uploads\/sites\/95\/2022\/08\/bottomline3_2.png",
                                    "id": 301,
                                    "alt": "",
                                    "source": "library"
                                },
                                "background_overlay_position": "bottom center",
                                "background_overlay_size": "cover",
                                "background_overlay_opacity": {
                                    "unit": "px",
                                    "size": 0.8,
                                    "sizes": []
                                },
                                "border_border": "solid",
                                "border_width": {
                                    "unit": "px",
                                    "top": "0",
                                    "right": "0",
                                    "bottom": "0",
                                    "left": "0",
                                    "isLinked": true
                                },
                                "transparent": "",
                                "transparent_on": [
                                    "desktop",
                                    "tablet",
                                    "mobile"
                                ],
                                "scroll_distance": {
                                    "unit": "px",
                                    "size": 60,
                                    "sizes": []
                                },
                                "scroll_distance_tablet": {
                                    "unit": "px",
                                    "size": "",
                                    "sizes": []
                                },
                                "scroll_distance_mobile": {
                                    "unit": "px",
                                    "size": "",
                                    "sizes": []
                                },
                                "transparent_header_show": "",
                                "background_show": "",
                                "background": "",
                                "bottom_border": "",
                                "custom_bottom_border_color": "",
                                "custom_bottom_border_width": {
                                    "unit": "px",
                                    "size": 0,
                                    "sizes": []
                                },
                                "custom_bottom_border_width_tablet": {
                                    "unit": "px",
                                    "size": "",
                                    "sizes": []
                                },
                                "custom_bottom_border_width_mobile": {
                                    "unit": "px",
                                    "size": "",
                                    "sizes": []
                                },
                                "shrink_header": "",
                                "custom_height_header": {
                                    "unit": "px",
                                    "size": 70,
                                    "sizes": []
                                },
                                "custom_height_header_tablet": {
                                    "unit": "px",
                                    "size": "",
                                    "sizes": []
                                },
                                "custom_height_header_mobile": {
                                    "unit": "px",
                                    "size": "",
                                    "sizes": []
                                },
                                "shrink_header_logo": "",
                                "custom_height_header_logo": {
                                    "unit": "px",
                                    "size": 70,
                                    "sizes": []
                                },
                                "custom_height_header_logo_tablet": {
                                    "unit": "px",
                                    "size": "",
                                    "sizes": []
                                },
                                "custom_height_header_logo_mobile": {
                                    "unit": "px",
                                    "size": "",
                                    "sizes": []
                                },
                                "change_logo_color": "",
                                "logo_color_white_before": "",
                                "logo_color_black_before": "",
                                "logo_color_white_after": "",
                                "logo_color_black_after": "",
                                "logo_color_full_after": "",
                                "blur_bg": "",
                                "hide_header": "",
                                "scroll_distance_hide_header": {
                                    "unit": "px",
                                    "size": 500,
                                    "sizes": []
                                },
                                "scroll_distance_hide_header_tablet": {
                                    "unit": "px",
                                    "size": "",
                                    "sizes": []
                                },
                                "scroll_distance_hide_header_mobile": {
                                    "unit": "px",
                                    "size": "",
                                    "sizes": []
                                }
                            },
                            "elements": [
                                {
                                    "id": "8ecc500",
                                    "settings": {
                                        "_column_size": 100,
                                        "_inline_size": null,
                                        "padding": {
                                            "unit": "px",
                                            "top": "0",
                                            "right": "0",
                                            "bottom": "0",
                                            "left": "0",
                                            "isLinked": false
                                        }
                                    },
                                    "elements": [
                                        {
                                            "id": "39181a7f",
                                            "settings": {
                                                "title": "Have a Question?",
                                                "header_size": "h3",
                                                "title_color": "#FFFFFF",
                                                "__globals__": {
                                                    "typography_typography": "globals\/typography?id=c6a928b"
                                                },
                                                "_margin": {
                                                    "unit": "px",
                                                    "top": "0",
                                                    "right": "0",
                                                    "bottom": "-10",
                                                    "left": "0",
                                                    "isLinked": false
                                                }
                                            },
                                            "elements": [],
                                            "isInner": false,
                                            "widgetType": "heading",
                                            "elType": "widget"
                                        },
                                        {
                                            "id": "8d2e29",
                                            "settings": {
                                                "text": "Divider",
                                                "color": "#FFFFFF5E",
                                                "gap": {
                                                    "unit": "px",
                                                    "size": 5,
                                                    "sizes": []
                                                }
                                            },
                                            "elements": [],
                                            "isInner": false,
                                            "widgetType": "divider",
                                            "elType": "widget"
                                        },
                                        {
                                            "id": "1e35b7f1",
                                            "settings": {
                                                "editor": "<p>Lorem ipsum dolor sit amet, consectetur tortor adipiscing.<\/p>",
                                                "_margin": {
                                                    "unit": "px",
                                                    "top": "0",
                                                    "right": "0",
                                                    "bottom": "-15",
                                                    "left": "0",
                                                    "isLinked": false
                                                },
                                                "__globals__": {
                                                    "text_color": ""
                                                },
                                                "text_color": "#FFFFFF"
                                            },
                                            "elements": [],
                                            "isInner": false,
                                            "widgetType": "text-editor",
                                            "elType": "widget"
                                        },
                                        {
                                            "id": "497e4f46",
                                            "settings": {
                                                "text": "Send a message",
                                                "selected_icon": {
                                                    "value": "fas fa-comment",
                                                    "library": "fa-solid"
                                                },
                                                "icon_indent": {
                                                    "unit": "px",
                                                    "size": 10,
                                                    "sizes": []
                                                },
                                                "button_text_color": "#FFFFFF",
                                                "border_border": "solid",
                                                "border_width": {
                                                    "unit": "px",
                                                    "top": "0",
                                                    "right": "0",
                                                    "bottom": "1",
                                                    "left": "0",
                                                    "isLinked": false
                                                },
                                                "border_radius": {
                                                    "unit": "px",
                                                    "top": "0",
                                                    "right": "0",
                                                    "bottom": "0",
                                                    "left": "0",
                                                    "isLinked": false
                                                },
                                                "text_padding": {
                                                    "unit": "px",
                                                    "top": "0",
                                                    "right": "0",
                                                    "bottom": "3",
                                                    "left": "0",
                                                    "isLinked": false
                                                },
                                                "_margin": {
                                                    "unit": "px",
                                                    "top": "0",
                                                    "right": "0",
                                                    "bottom": "0",
                                                    "left": "0",
                                                    "isLinked": false
                                                },
                                                "__globals__": {
                                                    "hover_color": "globals\/colors?id=accent",
                                                    "button_background_hover_color": "",
                                                    "button_hover_border_color": "globals\/colors?id=accent",
                                                    "border_color": "globals\/colors?id=accent",
                                                    "background_color": "",
                                                    "typography_typography": "globals\/typography?id=accent"
                                                },
                                                "_animation": "fadeIn",
                                                "_animation_delay": 800,
                                                "align_mobile": "left",
                                                "background_color": "#0145FA00",
                                                "hover_color": "#0145FA",
                                                "button_background_hover_color": "#FFFFFF00",
                                                "button_hover_border_color": "#FFFFFF",
                                                "border_color": "#0145FA"
                                            },
                                            "elements": [],
                                            "isInner": false,
                                            "widgetType": "button",
                                            "elType": "widget"
                                        }
                                    ],
                                    "isInner": true,
                                    "elType": "column"
                                }
                            ],
                            "isInner": true,
                            "elType": "section"
                        }
                    ],
                    "isInner": false,
                    "elType": "column"
                }
            ],
            "isInner": false,
            "elType": "section"
        }
    ],
    "page_settings": {
        "hide_title": "yes",
        "template": "elementor_header_footer"
    }
}